MONDO,EFO
MONDO_0006677,EFO_1000838
MONDO_0006678,EFO_1000839
MONDO_0006026,EFO_1000018
MONDO_0004960,EFO_0000203
MONDO_0006676,EFO_1000837
MONDO_0006873,EFO_1001067
MONDO_0006373,EFO_1000478
MONDO_0005065,EFO_0000588
MONDO_0006671,EFO_1000832
MONDO_0006672,EFO_1000833
MONDO_0005039,EFO_0000512
MONDO_0006680,EFO_1000841
MONDO_0006681,EFO_1000842
MONDO_0006679,EFO_1000840
MONDO_0006686,EFO_1000847
MONDO_0005394,EFO_0004277
MONDO_0006684,EFO_1000845
MONDO_0005560,EFO_0005774
MONDO_0006682,EFO_1000843
MONDO_0006683,EFO_1000844
MONDO_0005071,EFO_0000618
MONDO_0006690,EFO_1000853
MONDO_0005269,EFO_0003781
MONDO_0006687,EFO_1000850
MONDO_0006688,EFO_1000851
MONDO_0006693,EFO_1000859
MONDO_0011057,EFO_0003763
MONDO_0006692,EFO_1000857
MONDO_0021697,EFO_1000863
MONDO_0006698,EFO_1000864
MONDO_0005281,EFO_0003832
MONDO_0006696,EFO_1000862
MONDO_0005089,EFO_0000691
MONDO_0006694,EFO_1000860
MONDO_0005311,EFO_0003914
MONDO_0006030,EFO_1000023
MONDO_0006701,EFO_1000867
MONDO_0004972,EFO_0000232
MONDO_0006702,EFO_1000868
MONDO_0005559,EFO_0005772
MONDO_0006699,EFO_1000865
MONDO_0005154,EFO_0001421
MONDO_0006700,EFO_1000866
MONDO_0024388,EFO_1000874
MONDO_0006708,EFO_1000875
MONDO_0006704,EFO_1000870
MONDO_0006712,EFO_1000879
MONDO_0005328,EFO_0003966
MONDO_0006709,EFO_1000876
MONDO_0006710,EFO_1000877
MONDO_0005384,EFO_0004263
MONDO_0006717,EFO_1000885
MONDO_0005509,EFO_0005561
MONDO_0005308,EFO_0003900
MONDO_0006716,EFO_1000883
MONDO_0005010,EFO_0001645
MONDO_0006714,EFO_1000881
MONDO_0004995,EFO_0000319
MONDO_0006713,EFO_1000880
MONDO_0006720,EFO_1000889
MONDO_0006718,EFO_1000887
MONDO_0005093,EFO_0000701
MONDO_0005976,EFO_0007504
MONDO_0009761,EFO_1000888
MONDO_0005294,EFO_0003875
MONDO_0012819,EFO_1000897
MONDO_0019373,EFO_1000895
MONDO_0006722,EFO_1000892
MONDO_0006999,EFO_1001216
MONDO_0006723,EFO_1000893
MONDO_0009072,EFO_1000890
MONDO_0006721,EFO_1000891
MONDO_0005381,EFO_0004260
MONDO_0006727,EFO_1000899
MONDO_0005009,EFO_0000373
MONDO_0004989,EFO_0000305
MONDO_0005401,EFO_0004288
MONDO_0011782,EFO_1000805
MONDO_0006645,EFO_1000803
MONDO_0006643,EFO_1000801
MONDO_0004994,EFO_0000318
MONDO_0006644,EFO_1000802
MONDO_0005155,EFO_0001422
MONDO_0006642,EFO_1000800
MONDO_0006649,EFO_1000809
MONDO_0006647,EFO_1000807
MONDO_0006648,EFO_1000808
MONDO_0006656,EFO_1000816
MONDO_0005561,EFO_0005775
MONDO_0006654,EFO_1000814
MONDO_0006655,EFO_1000815
MONDO_0005267,EFO_0003777
MONDO_0006652,EFO_1000812
MONDO_0006653,EFO_1000813
MONDO_0006650,EFO_1000810
MONDO_0007150,EFO_1000818
MONDO_0006658,EFO_1000819
MONDO_0006659,EFO_1000820
MONDO_0006666,EFO_1000827
MONDO_0020322,EFO_1000828
MONDO_0006664,EFO_1000825
MONDO_0006662,EFO_1000823
MONDO_0004796,EFO_0000584
MONDO_0006663,EFO_1000824
MONDO_0005087,EFO_0000684
MONDO_0006660,EFO_1000821
MONDO_0007004,EFO_1001222
MONDO_0006668,EFO_1000829
MONDO_0006170,EFO_1000203
MONDO_0006670,EFO_1000831
MONDO_0005140,EFO_0001075
MONDO_0006641,EFO_1000799
MONDO_0005283,EFO_0003839
MONDO_0005046,EFO_0000540
MONDO_0006779,EFO_1000959
MONDO_0006777,EFO_1000957
MONDO_0006858,EFO_1001047
MONDO_0006778,EFO_1000958
MONDO_0000889,EFO_1000955
MONDO_0018935,EFO_1000956
MONDO_0006773,EFO_1000953
MONDO_0006054,EFO_1000051
MONDO_0006782,EFO_1000962
MONDO_0006783,EFO_1000963
MONDO_0006781,EFO_1000961
MONDO_0006789,EFO_1000969
MONDO_0005570,EFO_0005803
MONDO_0006786,EFO_1000966
MONDO_0005385,EFO_0004264
MONDO_0006787,EFO_1000967
MONDO_0006784,EFO_1000964
MONDO_0005137,EFO_0001069
MONDO_0006793,EFO_1000973
MONDO_0005151,EFO_0001379
MONDO_0006794,EFO_1000974
MONDO_0006792,EFO_1000972
MONDO_0006790,EFO_1000970
MONDO_0006799,EFO_1000979
MONDO_0006797,EFO_1000977
MONDO_0006798,EFO_1000978
MONDO_0006796,EFO_1000976
MONDO_0005156,EFO_0001423
MONDO_0006804,EFO_1000984
MONDO_0004988,EFO_0000304
MONDO_0006805,EFO_1000985
MONDO_0006802,EFO_1000982
MONDO_0006803,EFO_1000983
MONDO_0006800,EFO_1000980
MONDO_0006801,EFO_1000981
MONDO_0006807,EFO_1000987
MONDO_0006813,EFO_1000995
MONDO_0006811,EFO_1000993
MONDO_0006812,EFO_1000994
MONDO_0006809,EFO_1000991
MONDO_0006810,EFO_1000992
MONDO_0005044,EFO_0000537
MONDO_0006808,EFO_1000990
MONDO_0005172,EFO_0002461
MONDO_0006815,EFO_1000998
MONDO_0005522,EFO_0005588
MONDO_0006732,EFO_1000904
MONDO_0006730,EFO_1000902
MONDO_0006731,EFO_1000903
MONDO_8000000,EFO_1000900
MONDO_0006729,EFO_1000901
MONDO_0006987,EFO_1001199
MONDO_0006735,EFO_1000909
MONDO_0007186,EFO_0003948
MONDO_0006733,EFO_1000906
MONDO_0006734,EFO_1000907
MONDO_0005165,EFO_0002422
MONDO_0006741,EFO_1000915
MONDO_0006742,EFO_1000916
MONDO_0006739,EFO_1000913
MONDO_0006740,EFO_1000914
MONDO_0006737,EFO_1000911
MONDO_0006738,EFO_1000912
MONDO_0005506,EFO_0005553
MONDO_0006736,EFO_1000910
MONDO_0006743,EFO_1000917
MONDO_0006744,EFO_1000918
MONDO_0018153,EFO_1000926
MONDO_0006748,EFO_1000924
MONDO_0005027,EFO_0000474
MONDO_0006747,EFO_1000922
MONDO_0006746,EFO_1000921
MONDO_0005201,EFO_0002630
MONDO_0006752,EFO_1000928
MONDO_0006753,EFO_1000929
MONDO_0006754,EFO_1000930
MONDO_0006760,EFO_1000937
MONDO_0006761,EFO_1000938
MONDO_0006758,EFO_1000935
MONDO_0006759,EFO_1000936
MONDO_0006757,EFO_1000933
MONDO_0006322,EFO_1000400
MONDO_0006755,EFO_1000931
MONDO_0019025,EFO_1000932
MONDO_0006762,EFO_1000939
MONDO_0007753,EFO_1000940
MONDO_0006763,EFO_1000941
MONDO_0009264,EFO_1000949
MONDO_0007652,EFO_1000946
MONDO_0006766,EFO_1000944
MONDO_0006767,EFO_1000945
MONDO_0006764,EFO_1000942
MONDO_0006765,EFO_1000943
MONDO_0005066,EFO_0000589
MONDO_0006771,EFO_1000951
MONDO_0006770,EFO_1000950
MONDO_0005674,EFO_0007176
MONDO_0005096,EFO_0000707
MONDO_0005229,EFO_0003033
MONDO_0001341,EFO_1001929
MONDO_0005517,EFO_0005577
MONDO_0005380,EFO_0004259
MONDO_0006479,EFO_1000607
MONDO_0005028,EFO_0000478
MONDO_0005833,EFO_0007352
MONDO_0006480,EFO_1000608
MONDO_0006477,EFO_1000605
MONDO_0005617,EFO_0006772
MONDO_0006478,EFO_1000606
MONDO_0004963,EFO_0000209
MONDO_0004947,EFO_0000094
MONDO_0006476,EFO_1000604
MONDO_0018874,EFO_0000222
MONDO_0007896,EFO_0000221
MONDO_0006474,EFO_1000601
MONDO_0004993,EFO_0000313
MONDO_0006481,EFO_1000609
MONDO_0006482,EFO_1000610
MONDO_0005138,EFO_0001071
MONDO_0005061,EFO_0000571
MONDO_0006483,EFO_1000611
MONDO_0006488,EFO_1000618
MONDO_0005008,EFO_0000365
MONDO_0006489,EFO_1000619
MONDO_0006486,EFO_1000616
MONDO_0006487,EFO_1000617
MONDO_0004971,EFO_0000231
MONDO_0020320,EFO_0003028
MONDO_0006484,EFO_1000612
MONDO_0005043,EFO_0000536
MONDO_0006485,EFO_1000613
MONDO_0005213,EFO_0002919
MONDO_0006192,EFO_1000233
MONDO_0005335,EFO_0004142
MONDO_0006490,EFO_1000620
MONDO_0019087,EFO_0005221
MONDO_0005211,EFO_0002917
MONDO_0006493,EFO_1000625
MONDO_0006181,EFO_1000218
MONDO_0006491,EFO_1000623
MONDO_0005215,EFO_0002921
MONDO_0007243,EFO_0000309
MONDO_0006497,EFO_1000632
MONDO_0006496,EFO_1000631
MONDO_0002701,EFO_1001963
MONDO_0005858,EFO_0007378
MONDO_0006498,EFO_1000633
MONDO_0005079,EFO_0000662
MONDO_0002702,EFO_1001962
MONDO_0003210,EFO_1001961
MONDO_0005216,EFO_0002938
MONDO_0006504,EFO_1000639
MONDO_0006056,EFO_1000053
MONDO_0006502,EFO_1000637
MONDO_0006500,EFO_1000635
MONDO_0005214,EFO_0002920
MONDO_0005275,EFO_0003818
MONDO_0006506,EFO_1000641
MONDO_0006505,EFO_1000640
MONDO_0001825,EFO_1001970
MONDO_0006509,EFO_1000646
MONDO_0006512,EFO_1000649
MONDO_0005152,EFO_0001380
MONDO_0006510,EFO_1000647
MONDO_0005240,EFO_0003086
MONDO_0000158,EFO_1000648
MONDO_0005497,EFO_0005541
MONDO_0009770,EFO_1001978
MONDO_0009927,EFO_1001977
MONDO_0011479,EFO_1000645
MONDO_0005626,EFO_0006858
MONDO_0005098,EFO_0000712
MONDO_0006515,EFO_1000652
MONDO_0004982,EFO_0000278
MONDO_0021167,EFO_0000783
MONDO_0006513,EFO_1000650
MONDO_0006514,EFO_1000651
MONDO_0004980,EFO_0000274
MONDO_0020128,EFO_0003782
MONDO_0019127,EFO_0003063
MONDO_0006518,EFO_1000656
MONDO_0005357,EFO_0004226
MONDO_0018882,EFO_0006803
MONDO_0006524,EFO_1000665
MONDO_0006523,EFO_1000664
MONDO_0007048,EFO_1000666
MONDO_0006566,EFO_1000720
MONDO_0016367,EFO_0000398
MONDO_0006522,EFO_1000663
MONDO_0006520,EFO_1000661
MONDO_0006521,EFO_1000662
MONDO_0005249,EFO_0003106
MONDO_0006526,EFO_1000669
MONDO_0007070,EFO_1000667
MONDO_0006574,EFO_1000728
MONDO_0006525,EFO_1000668
MONDO_0005480,EFO_0005319
MONDO_0006531,EFO_1000676
MONDO_0006533,EFO_1000678
MONDO_0006532,EFO_1000677
MONDO_0006527,EFO_1000670
MONDO_0006615,EFO_1000772
MONDO_0006528,EFO_1000671
MONDO_0005383,EFO_0004262
MONDO_0000600,EFO_1001903
MONDO_0005618,EFO_0006788
MONDO_0005159,EFO_0001663
MONDO_0006541,EFO_1000690
MONDO_0020332,EFO_1000559
MONDO_0006438,EFO_1000557
MONDO_0019392,EFO_1000558
MONDO_0005550,EFO_0005741
MONDO_0010108,EFO_1000566
MONDO_0005040,EFO_0000514
MONDO_0003508,EFO_1000564
MONDO_0006446,EFO_1000565
MONDO_0005564,EFO_0005784
MONDO_0002522,EFO_1000562
MONDO_0006444,EFO_1000563
MONDO_0019468,EFO_1000560
MONDO_0006442,EFO_1000561
MONDO_0005167,EFO_0002424
MONDO_0006447,EFO_1000570
MONDO_0006452,EFO_1000577
MONDO_0005197,EFO_0002626
MONDO_0006450,EFO_1000575
MONDO_0005170,EFO_0002427
MONDO_0006451,EFO_1000576
MONDO_0003402,EFO_1000574
MONDO_0006455,EFO_1000580
MONDO_0006462,EFO_1000587
MONDO_0005062,EFO_0000574
MONDO_0006459,EFO_1000584
MONDO_0006460,EFO_1000585
MONDO_0016975,EFO_1000582
MONDO_0006458,EFO_1000583
MONDO_0006464,EFO_1000591
MONDO_0004970,EFO_0000228
MONDO_0006463,EFO_1000590
MONDO_0006470,EFO_1000597
MONDO_0010150,EFO_0000181
MONDO_0006471,EFO_1000598
MONDO_0006468,EFO_1000595
MONDO_0006469,EFO_1000596
MONDO_0006466,EFO_1000593
MONDO_0006467,EFO_1000594
MONDO_0006563,EFO_1000717
MONDO_0008420,EFO_0005584
MONDO_0006564,EFO_1000718
MONDO_0006561,EFO_1000713
MONDO_0007769,EFO_1000711
MONDO_0006565,EFO_1000719
MONDO_0015614,EFO_1000684
MONDO_0006567,EFO_1000721
MONDO_0016566,EFO_1000729
MONDO_0006572,EFO_1000726
MONDO_0006570,EFO_1000724
MONDO_0006571,EFO_1000725
MONDO_0018830,EFO_1000722
MONDO_0006569,EFO_1000723
MONDO_0006577,EFO_1000731
MONDO_0006578,EFO_1000732
MONDO_0006576,EFO_1000730
MONDO_0007908,EFO_1000737
MONDO_0006583,EFO_1000738
MONDO_0006581,EFO_1000735
MONDO_0006580,EFO_1000734
MONDO_0006582,EFO_1000736
MONDO_0006579,EFO_1000733
MONDO_0006591,EFO_1000746
MONDO_0006590,EFO_1000745
MONDO_0006585,EFO_1000740
MONDO_0006586,EFO_1000741
MONDO_0006593,EFO_1000748
MONDO_0006594,EFO_1000749
MONDO_0006592,EFO_1000747
MONDO_0005083,EFO_0000676
MONDO_0006589,EFO_1000744
MONDO_0006598,EFO_1000753
MONDO_0006597,EFO_1000752
MONDO_0006599,EFO_1000754
MONDO_0006595,EFO_1000750
MONDO_0006603,EFO_1000759
MONDO_0007047,EFO_1000758
MONDO_0006601,EFO_1000756
MONDO_0006609,EFO_1000765
MONDO_0006606,EFO_1000762
MONDO_0006607,EFO_1000763
MONDO_0006604,EFO_1000760
MONDO_0006605,EFO_1000761
MONDO_0006612,EFO_1000769
MONDO_0006610,EFO_1000766
MONDO_0006611,EFO_1000767
MONDO_0006618,EFO_1000775
MONDO_0006619,EFO_1000776
MONDO_0006616,EFO_1000773
MONDO_0006617,EFO_1000774
MONDO_0006614,EFO_1000771
MONDO_0006613,EFO_1000770
MONDO_0006622,EFO_1000779
MONDO_0006620,EFO_1000777
MONDO_0006621,EFO_1000778
MONDO_0006629,EFO_1000786
MONDO_0006630,EFO_1000787
MONDO_0019124,EFO_1000784
MONDO_0006625,EFO_1000782
MONDO_0006626,EFO_1000783
MONDO_0005244,EFO_0003100
MONDO_0017227,EFO_1000780
MONDO_0005003,EFO_0000342
MONDO_0006631,EFO_1000788
MONDO_0006632,EFO_1000789
MONDO_0006633,EFO_1000790
MONDO_0006032,EFO_1000025
MONDO_0006640,EFO_1000797
MONDO_0006638,EFO_1000795
MONDO_0006639,EFO_1000796
MONDO_0006636,EFO_1000793
MONDO_0006637,EFO_1000794
MONDO_0006635,EFO_1000792
MONDO_0006556,EFO_1000706
MONDO_0006557,EFO_1000707
MONDO_0006554,EFO_1000704
MONDO_0006555,EFO_1000705
MONDO_0006552,EFO_1000702
MONDO_0006553,EFO_1000703
MONDO_0006550,EFO_1000700
MONDO_0007046,EFO_1000708
MONDO_0006558,EFO_1000709
MONDO_0006559,EFO_1000710
MONDO_0006534,EFO_1000679
MONDO_0018746,EFO_1000680
MONDO_0006539,EFO_1000687
MONDO_0006540,EFO_1000688
MONDO_0007446,EFO_1000686
MONDO_0006537,EFO_1000682
MONDO_0006548,EFO_1000698
MONDO_0006549,EFO_1000699
MONDO_0006545,EFO_1000694
MONDO_0006546,EFO_1000695
MONDO_0006543,EFO_1000692
MONDO_0006544,EFO_1000693
MONDO_0006323,EFO_1000401
MONDO_0006324,EFO_1000402
MONDO_0006329,EFO_1000407
MONDO_0005072,EFO_0000621
MONDO_0006330,EFO_1000408
MONDO_0006327,EFO_1000405
MONDO_0006328,EFO_1000406
MONDO_0006325,EFO_1000403
MONDO_0006326,EFO_1000404
MONDO_0003792,EFO_1000412
MONDO_0006337,EFO_1000418
MONDO_0005558,EFO_0005771
MONDO_0011366,EFO_1000419
MONDO_0005461,EFO_0005232
MONDO_0006336,EFO_1000417
MONDO_0003581,EFO_1000415
MONDO_0005440,EFO_0004986
MONDO_0011996,EFO_0000339
MONDO_0006339,EFO_1000424
MONDO_0005227,EFO_0003030
MONDO_0006340,EFO_1000428
MONDO_0006343,EFO_1000435
MONDO_0003494,EFO_1000432
MONDO_0003795,EFO_1000431
MONDO_0005611,EFO_0006544
MONDO_0005336,EFO_0004145
MONDO_0004950,EFO_0000178
MONDO_0007959,EFO_0002939
MONDO_0007256,EFO_0000182
MONDO_0005697,EFO_0007200
MONDO_0002268,EFO_0008533
MONDO_0005146,EFO_0001358
MONDO_0005700,EFO_0007204
MONDO_0005699,EFO_0007203
MONDO_0005698,EFO_0007202
MONDO_0015908,EFO_0007207
MONDO_0005701,EFO_0007205
MONDO_0005100,EFO_0000717
MONDO_0005704,EFO_0007209
MONDO_0006180,EFO_1000217
MONDO_0005717,EFO_0007222
MONDO_0005716,EFO_0007221
MONDO_0005545,EFO_0005681
MONDO_0005715,EFO_0007220
MONDO_0002514,EFO_0008550
MONDO_0021223,EFO_0008549
MONDO_0005720,EFO_0007225
MONDO_0005719,EFO_0007224
MONDO_0005315,EFO_0003931
MONDO_0005718,EFO_0007223
MONDO_0005724,EFO_0007229
MONDO_0005723,EFO_0007228
MONDO_0005722,EFO_0007227
MONDO_0005706,EFO_0007211
MONDO_0005705,EFO_0007210
MONDO_0005135,EFO_0001067
MONDO_0005078,EFO_0000653
MONDO_0000001,EFO_0000408
MONDO_0005710,EFO_0007215
MONDO_0005709,EFO_0007214
MONDO_0005708,EFO_0007213
MONDO_0005707,EFO_0007212
MONDO_0005714,EFO_0007219
MONDO_0017361,EFO_0007218
MONDO_0005712,EFO_0007217
MONDO_0005711,EFO_0007216
MONDO_0005734,EFO_0007240
MONDO_0009144,EFO_0007244
MONDO_0005737,EFO_0007243
MONDO_0005736,EFO_0007242
MONDO_0016472,EFO_0007241
MONDO_0005740,EFO_0007247
MONDO_0005739,EFO_0007246
MONDO_0005738,EFO_0007245
MONDO_0005742,EFO_0007249
MONDO_0005047,EFO_0000545
MONDO_0005728,EFO_0007233
MONDO_0015484,EFO_0007231
MONDO_0005725,EFO_0007230
MONDO_0005731,EFO_0007237
MONDO_0007127,EFO_0007236
MONDO_0005730,EFO_0007235
MONDO_0005729,EFO_0007234
MONDO_0015636,EFO_0007239
MONDO_0015260,EFO_0007238
MONDO_0015243,EFO_0007140
MONDO_0005657,EFO_0007157
MONDO_0005645,EFO_0007145
MONDO_0005644,EFO_0007144
MONDO_0005643,EFO_0007142
MONDO_0005649,EFO_0007149
MONDO_0005648,EFO_0007148
MONDO_0005647,EFO_0007147
MONDO_0007743,EFO_0003888
MONDO_0015200,EFO_0007146
MONDO_0019383,EFO_0007130
MONDO_0005636,EFO_0007134
MONDO_0005635,EFO_0007133
MONDO_0011716,EFO_0007132
MONDO_0005634,EFO_0007131
MONDO_0005640,EFO_0007138
MONDO_0005639,EFO_0007137
MONDO_0005109,EFO_0000764
MONDO_0005638,EFO_0007136
MONDO_0005578,EFO_0005856
MONDO_0005641,EFO_0007139
MONDO_0005662,EFO_0007163
MONDO_0005661,EFO_0007162
MONDO_0005660,EFO_0007161
MONDO_0008558,EFO_0007160
MONDO_0005665,EFO_0007167
MONDO_0005664,EFO_0007166
MONDO_0005663,EFO_0007165
MONDO_0007416,EFO_0007164
MONDO_0005667,EFO_0007169
MONDO_0005652,EFO_0007152
MONDO_0005651,EFO_0007151
MONDO_0005650,EFO_0007150
MONDO_0005656,EFO_0007156
MONDO_0005655,EFO_0007155
MONDO_0005654,EFO_0007154
MONDO_0016466,EFO_0007153
MONDO_0005659,EFO_0007159
MONDO_0005658,EFO_0007158
MONDO_0005679,EFO_0007181
MONDO_0005678,EFO_0007180
MONDO_0005683,EFO_0007185
MONDO_0005682,EFO_0007184
MONDO_0015925,EFO_0004244
MONDO_0005680,EFO_0007182
MONDO_0005619,EFO_0006789
MONDO_0005687,EFO_0007189
MONDO_0021641,EFO_0007188
MONDO_0019082,EFO_0007187
MONDO_0005684,EFO_0007186
MONDO_0005668,EFO_0007170
MONDO_0005672,EFO_0007174
MONDO_0005670,EFO_0007172
MONDO_0005136,EFO_0001068
MONDO_0005669,EFO_0007171
MONDO_0005676,EFO_0007178
MONDO_0005675,EFO_0007177
MONDO_0005673,EFO_0007175
MONDO_0005677,EFO_0007179
MONDO_0005689,EFO_0007191
MONDO_0005303,EFO_0003890
MONDO_0005688,EFO_0007190
MONDO_0005693,EFO_0007196
MONDO_0005692,EFO_0007195
MONDO_0005691,EFO_0007194
MONDO_0009376,EFO_0007193
MONDO_0005696,EFO_0007199
MONDO_0005695,EFO_0007198
MONDO_0006264,EFO_1000319
MONDO_0006262,EFO_1000317
MONDO_0018310,EFO_1000318
MONDO_0004829,EFO_1000316
MONDO_0005092,EFO_0000698
MONDO_0006268,EFO_1000323
MONDO_0018905,EFO_0000403
MONDO_0006265,EFO_1000320
MONDO_0006266,EFO_1000321
MONDO_0006272,EFO_1000328
MONDO_0006273,EFO_1000329
MONDO_0006270,EFO_1000326
MONDO_0006271,EFO_1000327
MONDO_0006278,EFO_1000335
MONDO_0006279,EFO_1000336
MONDO_0003050,EFO_0003050
MONDO_0006276,EFO_1000333
MONDO_0006277,EFO_1000334
MONDO_0006275,EFO_1000332
MONDO_0006274,EFO_1000330
MONDO_0005198,EFO_0002627
MONDO_0006282,EFO_1000339
MONDO_0006280,EFO_1000337
MONDO_0006281,EFO_1000338
MONDO_0006286,EFO_1000346
MONDO_0006287,EFO_1000347
MONDO_0006284,EFO_1000344
MONDO_0006285,EFO_1000345
MONDO_0006283,EFO_1000340
MONDO_0006288,EFO_1000348
MONDO_0004974,EFO_0000239
MONDO_0005853,EFO_1000356
MONDO_0006291,EFO_1000353
MONDO_0006290,EFO_1000352
MONDO_0006300,EFO_1000368
MONDO_0006298,EFO_1000366
MONDO_0019024,EFO_1000364
MONDO_0006297,EFO_1000365
MONDO_0006295,EFO_1000363
MONDO_0006304,EFO_1000379
MONDO_0006302,EFO_1000377
MONDO_0006303,EFO_1000378
MONDO_0006301,EFO_1000373
MONDO_0006306,EFO_1000382
MONDO_0006307,EFO_1000383
MONDO_0003910,EFO_1000380
MONDO_0006311,EFO_1000388
MONDO_0006312,EFO_1000389
MONDO_0006309,EFO_1000386
MONDO_0005036,EFO_0000503
MONDO_0002200,EFO_1000385
MONDO_0006316,EFO_1000393
MONDO_0005462,EFO_0005235
MONDO_0006317,EFO_1000394
MONDO_0006314,EFO_1000391
MONDO_0006313,EFO_1000390
MONDO_0006321,EFO_1000399
MONDO_0006320,EFO_1000397
MONDO_0016985,EFO_1000395
MONDO_0016984,EFO_1000396
MONDO_0005217,EFO_0002945
MONDO_0005515,EFO_0005570
MONDO_0005322,EFO_0003950
MONDO_0006391,EFO_1000501
MONDO_0006397,EFO_1000508
MONDO_0006396,EFO_1000506
MONDO_0005484,EFO_0005406
MONDO_0006394,EFO_1000504
MONDO_0006395,EFO_1000505
MONDO_0006392,EFO_1000502
MONDO_0006393,EFO_1000503
MONDO_0006398,EFO_1000510
MONDO_0006405,EFO_1000519
MONDO_0006404,EFO_1000517
MONDO_0006402,EFO_1000515
MONDO_0006403,EFO_1000516
MONDO_0006400,EFO_1000513
MONDO_0006401,EFO_1000514
MONDO_0006408,EFO_1000523
MONDO_0006406,EFO_1000520
MONDO_0006407,EFO_1000521
MONDO_0003264,EFO_1000529
MONDO_0006411,EFO_1000527
MONDO_0006409,EFO_1000524
MONDO_0006410,EFO_1000525
MONDO_0006416,EFO_1000533
MONDO_0000082,EFO_0004710
MONDO_0006417,EFO_1000534
MONDO_0006414,EFO_1000531
MONDO_0006422,EFO_1000539
MONDO_0006420,EFO_1000537
MONDO_0006421,EFO_1000538
MONDO_0006418,EFO_1000535
MONDO_0006419,EFO_1000536
MONDO_0006426,EFO_1000545
MONDO_0002894,EFO_1000543
MONDO_0006423,EFO_1000540
MONDO_0006424,EFO_1000541
MONDO_0006429,EFO_1000548
MONDO_0004952,EFO_0000183
MONDO_0006430,EFO_1000549
MONDO_0003736,EFO_1001879
MONDO_0006427,EFO_1000546
MONDO_0006428,EFO_1000547
MONDO_0006436,EFO_1000555
MONDO_0016037,EFO_1000556
MONDO_0005031,EFO_0000497
MONDO_0007667,EFO_1000553
MONDO_0006435,EFO_1000554
MONDO_0015288,EFO_0007308
MONDO_0006432,EFO_1000551
MONDO_0019475,EFO_1000552
MONDO_0019462,EFO_1000550
MONDO_0006014,EFO_0007543
MONDO_0005961,EFO_0007486
MONDO_0005790,EFO_0007305
MONDO_0017767,EFO_1001160
MONDO_0005609,EFO_0006510
MONDO_0005810,EFO_0007326
MONDO_0005952,EFO_0007477
MONDO_0000989,EFO_0007383
MONDO_0005557,EFO_0005769
MONDO_0013209,EFO_0003095
MONDO_0005629,EFO_0007126
MONDO_0005632,EFO_0007129
MONDO_0005631,EFO_0007128
MONDO_0005111,EFO_0000769
MONDO_0005187,EFO_0002612
MONDO_0005132,EFO_0001062
MONDO_0006345,EFO_1000438
MONDO_0006346,EFO_1000439
MONDO_0004965,EFO_0000216
MONDO_0006344,EFO_1000437
MONDO_0006348,EFO_1000444
MONDO_0006347,EFO_1000442
MONDO_0005057,EFO_0000563
MONDO_0006349,EFO_1000448
MONDO_0012004,EFO_1000456
MONDO_0006352,EFO_1000454
MONDO_0006353,EFO_1000455
MONDO_0005446,EFO_0005046
MONDO_0006351,EFO_1000452
MONDO_0006350,EFO_1000450
MONDO_0006355,EFO_1000458
MONDO_0006356,EFO_1000459
MONDO_0005451,EFO_0005203
MONDO_0006363,EFO_1000468
MONDO_0006360,EFO_1000465
MONDO_0006358,EFO_1000463
MONDO_0005917,EFO_0007441
MONDO_0006357,EFO_1000461
MONDO_0006364,EFO_1000469
MONDO_0006365,EFO_1000470
MONDO_0006366,EFO_1000471
MONDO_0006374,EFO_1000479
MONDO_0006372,EFO_1000477
MONDO_0006369,EFO_1000474
MONDO_0016722,EFO_1000475
MONDO_0006367,EFO_1000472
MONDO_0006368,EFO_1000473
MONDO_0004684,EFO_1000481
MONDO_0006375,EFO_1000480
MONDO_0006382,EFO_1000489
MONDO_0006381,EFO_1000487
MONDO_0003308,EFO_1000485
MONDO_0006380,EFO_1000486
MONDO_0006377,EFO_1000483
MONDO_0006378,EFO_1000484
MONDO_0006385,EFO_1000492
MONDO_0006383,EFO_1000490
MONDO_0018842,EFO_1000491
MONDO_0006389,EFO_1000498
MONDO_0006390,EFO_1000499
MONDO_0010911,EFO_1000496
MONDO_0006388,EFO_1000497
MONDO_0006386,EFO_1000494
MONDO_0005278,EFO_0003825
MONDO_0006387,EFO_1000495
MONDO_0017137,EFO_0007402
MONDO_0005880,EFO_0007400
MONDO_0005886,EFO_0007406
MONDO_0005885,EFO_0007405
MONDO_0005884,EFO_0007404
MONDO_0005883,EFO_0007403
MONDO_0010703,EFO_0007409
MONDO_0006002,EFO_0007531
MONDO_0005887,EFO_0007407
MONDO_0005768,EFO_0007280
MONDO_0018626,EFO_0007420
MONDO_0005901,EFO_0007424
MONDO_0005900,EFO_0007423
MONDO_0005899,EFO_0007422
MONDO_0005905,EFO_0007428
MONDO_0005395,EFO_0004280
MONDO_0005903,EFO_0007426
MONDO_0005906,EFO_0007429
MONDO_0005890,EFO_0007413
MONDO_0005888,EFO_0007410
MONDO_0005894,EFO_0007417
MONDO_0005893,EFO_0007416
MONDO_0005892,EFO_0007415
MONDO_0005891,EFO_0007414
MONDO_0005896,EFO_0007419
MONDO_0005895,EFO_0007418
MONDO_0005918,EFO_0007442
MONDO_0005916,EFO_0007440
MONDO_0005922,EFO_0007446
MONDO_0005921,EFO_0007445
MONDO_0005920,EFO_0007444
MONDO_0005919,EFO_0007443
MONDO_0005925,EFO_0007449
MONDO_0019121,EFO_0007448
MONDO_0005923,EFO_0007447
MONDO_0005907,EFO_0007430
MONDO_0005911,EFO_0007434
MONDO_0005910,EFO_0007433
MONDO_0005909,EFO_0007432
MONDO_0005915,EFO_0007439
MONDO_0005914,EFO_0007438
MONDO_0005913,EFO_0007437
MONDO_0005912,EFO_0007436
MONDO_0017376,EFO_0007460
MONDO_0005939,EFO_0007464
MONDO_0005938,EFO_0007463
MONDO_0005937,EFO_0007462
MONDO_0005943,EFO_0007468
MONDO_0005942,EFO_0007467
MONDO_0005941,EFO_0007466
MONDO_0005940,EFO_0007465
MONDO_0005944,EFO_0007469
MONDO_0005929,EFO_0007453
MONDO_0005928,EFO_0007452
MONDO_0005927,EFO_0007451
MONDO_0017373,EFO_0007450
MONDO_0005932,EFO_0007457
MONDO_0016318,EFO_0007455
MONDO_0017416,EFO_0007454
MONDO_0005933,EFO_0007458
MONDO_0005957,EFO_0007482
MONDO_0005956,EFO_0007481
MONDO_0019365,EFO_0007480
MONDO_0005960,EFO_0007485
MONDO_0005959,EFO_0007484
MONDO_0005964,EFO_0007489
MONDO_0005963,EFO_0007488
MONDO_0005962,EFO_0007487
MONDO_0005946,EFO_0007471
MONDO_0005945,EFO_0007470
MONDO_0005950,EFO_0007475
MONDO_0005949,EFO_0007474
MONDO_0005947,EFO_0007472
MONDO_0005954,EFO_0007479
MONDO_0005953,EFO_0007478
MONDO_0018903,EFO_0007476
MONDO_0005861,EFO_0007381
MONDO_0019136,EFO_0007380
MONDO_0006134,EFO_1000162
MONDO_0005131,EFO_0001061
MONDO_0005867,EFO_0007387
MONDO_0006135,EFO_1000163
MONDO_0005153,EFO_0001416
MONDO_0005004,EFO_0000348
MONDO_0005866,EFO_0007386
MONDO_0005150,EFO_0001365
MONDO_0006132,EFO_1000160
MONDO_0005865,EFO_0007385
MONDO_0006133,EFO_1000161
MONDO_0005864,EFO_0007384
MONDO_0009688,EFO_0004991
MONDO_0019147,EFO_0007389
MONDO_0005868,EFO_0007388
MONDO_0006139,EFO_1000168
MONDO_0006140,EFO_1000169
MONDO_0006137,EFO_1000166
MONDO_0006138,EFO_1000167
MONDO_0003665,EFO_1000164
MONDO_0005852,EFO_0007372
MONDO_0005851,EFO_0007371
MONDO_0005850,EFO_0007370
MONDO_0006144,EFO_1000173
MONDO_0005856,EFO_0007376
MONDO_0006145,EFO_1000174
MONDO_0005855,EFO_0007375
MONDO_0006142,EFO_1000171
MONDO_0005854,EFO_0007374
MONDO_0006143,EFO_1000172
MONDO_0006141,EFO_1000170
MONDO_0005859,EFO_0007379
MONDO_0011989,EFO_0005044
MONDO_0005596,EFO_0006387
MONDO_0005857,EFO_0007377
MONDO_0019451,EFO_1000179
MONDO_0006146,EFO_1000175
MONDO_0006152,EFO_1000184
MONDO_0006153,EFO_1000185
MONDO_0006150,EFO_1000182
MONDO_0006151,EFO_1000183
MONDO_0006149,EFO_1000181
MONDO_0006155,EFO_1000188
MONDO_0006156,EFO_1000189
MONDO_0006154,EFO_1000186
MONDO_0005870,EFO_0007390
MONDO_0005874,EFO_0007394
MONDO_0005873,EFO_0007393
MONDO_0005872,EFO_0007392
MONDO_0005871,EFO_0007391
MONDO_0006162,EFO_1000195
MONDO_0005878,EFO_0007398
MONDO_0006163,EFO_1000196
MONDO_0017776,EFO_0007397
MONDO_0006160,EFO_1000193
MONDO_0005876,EFO_0007396
MONDO_0006161,EFO_1000194
MONDO_0005875,EFO_0007395
MONDO_0006158,EFO_1000191
MONDO_0006159,EFO_1000192
MONDO_0006157,EFO_1000190
MONDO_0005879,EFO_0007399
MONDO_0006166,EFO_1000199
MONDO_0006164,EFO_1000197
MONDO_0006165,EFO_1000198
MONDO_0011786,EFO_0005854
MONDO_0001939,EFO_1001424
MONDO_0006102,EFO_1000105
MONDO_0019461,EFO_1000102
MONDO_0006098,EFO_1000100
MONDO_0006104,EFO_1000108
MONDO_0006103,EFO_1000106
MONDO_0006105,EFO_1000110
MONDO_0006111,EFO_1000126
MONDO_0006112,EFO_1000127
MONDO_0002751,EFO_1000125
MONDO_0006107,EFO_1000122
MONDO_0006108,EFO_1000123
MONDO_0006106,EFO_1000121
MONDO_0002760,EFO_1000130
MONDO_0005364,EFO_0004237
MONDO_0006115,EFO_1000131
MONDO_0006121,EFO_1000148
MONDO_0006122,EFO_1000149
MONDO_0006119,EFO_1000146
MONDO_0006120,EFO_1000147
MONDO_0006117,EFO_1000144
MONDO_0006118,EFO_1000145
MONDO_0005114,EFO_0000772
MONDO_0006116,EFO_1000143
MONDO_0003155,EFO_1000151
MONDO_0006131,EFO_1000159
MONDO_0002571,EFO_1000157
MONDO_0006130,EFO_1000158
MONDO_0005460,EFO_0005226
MONDO_0000525,EFO_1000155
MONDO_0006128,EFO_1000156
MONDO_0020325,EFO_0003032
MONDO_0006126,EFO_1000154
MONDO_0005574,EFO_0005815
MONDO_0004299,EFO_1000302
MONDO_0004278,EFO_1000303
MONDO_0006250,EFO_1000300
MONDO_0008219,EFO_0004719
MONDO_0005420,EFO_0004705
MONDO_0006257,EFO_1000308
MONDO_0011908,EFO_1000309
MONDO_0006256,EFO_1000307
MONDO_0006254,EFO_1000304
MONDO_0006255,EFO_1000305
MONDO_0006260,EFO_1000314
MONDO_0005206,EFO_0002890
MONDO_0015534,EFO_1000311
MONDO_0006258,EFO_1000310
MONDO_0005788,EFO_0007303
MONDO_0005787,EFO_0007302
MONDO_0005786,EFO_0007301
MONDO_0005785,EFO_0007300
MONDO_0005792,EFO_0007307
MONDO_0005791,EFO_0007306
MONDO_0005789,EFO_0007304
MONDO_0005794,EFO_0007309
MONDO_0005371,EFO_0004247
MONDO_0005806,EFO_0007321
MONDO_0005805,EFO_0007320
MONDO_0005809,EFO_0007325
MONDO_0005808,EFO_0007324
MONDO_0007827,EFO_0007323
MONDO_0005807,EFO_0007322
MONDO_0005813,EFO_0007329
MONDO_0005812,EFO_0007328
MONDO_0005811,EFO_0007327
MONDO_0018312,EFO_0007310
MONDO_0005799,EFO_0007314
MONDO_0005798,EFO_0007313
MONDO_0005797,EFO_0007312
MONDO_0005796,EFO_0007311
MONDO_0005802,EFO_0007317
MONDO_0005801,EFO_0007316
MONDO_0005800,EFO_0007315
MONDO_0005824,EFO_0007343
MONDO_0005823,EFO_0007342
MONDO_0005822,EFO_0007340
MONDO_0005828,EFO_0007347
MONDO_0005827,EFO_0007346
MONDO_0005826,EFO_0007345
MONDO_0005825,EFO_0007344
MONDO_0005830,EFO_0007349
MONDO_0005829,EFO_0007348
MONDO_0019209,EFO_0007332
MONDO_0005814,EFO_0007330
MONDO_0019480,EFO_0007336
MONDO_0005817,EFO_0007335
MONDO_0005821,EFO_0007339
MONDO_0005820,EFO_0007338
MONDO_0005819,EFO_0007337
MONDO_0005842,EFO_0007361
MONDO_0005841,EFO_0007360
MONDO_0005845,EFO_0007364
MONDO_0005844,EFO_0007363
MONDO_0005843,EFO_0007362
MONDO_0005848,EFO_0007368
MONDO_0005847,EFO_0007367
MONDO_0005846,EFO_0007366
MONDO_0005831,EFO_0007350
MONDO_0005834,EFO_0007353
MONDO_0005832,EFO_0007351
MONDO_0020500,EFO_0007358
MONDO_0005838,EFO_0007357
MONDO_0005837,EFO_0007356
MONDO_0005836,EFO_0007355
MONDO_0005754,EFO_0007262
MONDO_0005753,EFO_0007261
MONDO_0005752,EFO_0007260
MONDO_0006234,EFO_1000283
MONDO_0005193,EFO_0002621
MONDO_0005758,EFO_0007266
MONDO_0006235,EFO_1000284
MONDO_0005757,EFO_0007265
MONDO_0006232,EFO_1000281
MONDO_0005756,EFO_0007264
MONDO_0006233,EFO_1000282
MONDO_0005755,EFO_0007263
MONDO_0006231,EFO_1000280
MONDO_0008383,EFO_0000685
MONDO_0005759,EFO_0007268
MONDO_0006238,EFO_1000287
MONDO_0006239,EFO_1000288
MONDO_0006237,EFO_1000286
MONDO_0009169,EFO_0007251
MONDO_0005743,EFO_0007250
MONDO_0006244,EFO_1000294
MONDO_0005747,EFO_0007255
MONDO_0006245,EFO_1000295
MONDO_0005524,EFO_0005591
MONDO_0005746,EFO_0007254
MONDO_0018666,EFO_1000292
MONDO_0005745,EFO_0007253
MONDO_0006243,EFO_1000293
MONDO_0005751,EFO_0007259
MONDO_0006241,EFO_1000291
MONDO_0005750,EFO_0007258
MONDO_0005749,EFO_0007257
MONDO_0006248,EFO_1000298
MONDO_0006249,EFO_1000299
MONDO_0006246,EFO_1000296
MONDO_0006247,EFO_1000297
MONDO_0005772,EFO_0007284
MONDO_0005771,EFO_0007283
MONDO_0005770,EFO_0007282
MONDO_0005769,EFO_0007281
MONDO_0005775,EFO_0007287
MONDO_0005774,EFO_0007286
MONDO_0005773,EFO_0007285
MONDO_0005776,EFO_0007289
MONDO_0005762,EFO_0007273
MONDO_0005761,EFO_0007272
MONDO_0021045,EFO_0007271
MONDO_0005765,EFO_0007277
MONDO_0005764,EFO_0007276
MONDO_0009237,EFO_0007275
MONDO_0005763,EFO_0007274
MONDO_0005767,EFO_0007279
MONDO_0005766,EFO_0007278
MONDO_0005777,EFO_0007291
MONDO_0007179,EFO_0005809
MONDO_0005780,EFO_0007295
MONDO_0005779,EFO_0007294
MONDO_0005778,EFO_0007293
MONDO_0008585,EFO_0007297
MONDO_0005081,EFO_0000668
MONDO_0017879,EFO_0007296
MONDO_0006169,EFO_1000202
MONDO_0006167,EFO_1000200
MONDO_0018907,EFO_1000209
MONDO_0006174,EFO_1000208
MONDO_0006172,EFO_1000205
MONDO_0006173,EFO_1000206
MONDO_0006178,EFO_1000214
MONDO_0006179,EFO_1000215
MONDO_0002141,EFO_1000212
MONDO_0006176,EFO_1000210
MONDO_0006182,EFO_1000219
MONDO_0006187,EFO_1000225
MONDO_0006186,EFO_1000223
MONDO_0006184,EFO_1000221
MONDO_0006183,EFO_1000220
MONDO_0006189,EFO_1000229
MONDO_0006188,EFO_1000228
MONDO_0002747,EFO_1000236
MONDO_0006195,EFO_1000237
MONDO_0006193,EFO_1000234
MONDO_0006191,EFO_1000231
MONDO_0006196,EFO_1000238
MONDO_0006197,EFO_1000239
MONDO_0006198,EFO_1000240
MONDO_0006202,EFO_1000247
MONDO_0005496,EFO_0005540
MONDO_0006203,EFO_1000248
MONDO_0006201,EFO_1000246
MONDO_0006200,EFO_1000244
MONDO_0006199,EFO_1000242
MONDO_0008177,EFO_1000249
MONDO_0021039,EFO_1000250
MONDO_0006206,EFO_1000251
MONDO_0006212,EFO_1000259
MONDO_0006210,EFO_1000256
MONDO_0006211,EFO_1000257
MONDO_0006209,EFO_1000255
MONDO_0006207,EFO_1000252
MONDO_0006208,EFO_1000253
MONDO_0006214,EFO_1000261
MONDO_0006215,EFO_1000262
MONDO_0006213,EFO_1000260
MONDO_0006222,EFO_1000269
MONDO_0006220,EFO_1000267
MONDO_0006221,EFO_1000268
MONDO_0006218,EFO_1000265
MONDO_0006219,EFO_1000266
MONDO_0006216,EFO_1000263
MONDO_0006217,EFO_1000264
MONDO_0006225,EFO_1000272
MONDO_0006223,EFO_1000270
MONDO_0006224,EFO_1000271
MONDO_0006230,EFO_1000278
MONDO_0006228,EFO_1000276
MONDO_0006229,EFO_1000277
MONDO_0006226,EFO_1000274
MONDO_0006227,EFO_1000275
MONDO_0007650,EFO_0000191
MONDO_0004949,EFO_0000096
MONDO_0018881,EFO_0000198
MONDO_0004958,EFO_0000199
MONDO_0004953,EFO_0000186
MONDO_0012883,EFO_0000224
MONDO_0012817,EFO_0000174
MONDO_0005157,EFO_0001642
MONDO_0005312,EFO_0003921
MONDO_0005309,EFO_0003902
MONDO_0005479,EFO_0005308
MONDO_0005386,EFO_0004265
MONDO_0005186,EFO_0002610
MONDO_0005320,EFO_0003944
MONDO_0005319,EFO_0003943
MONDO_0005188,EFO_0002613
MONDO_0005313,EFO_0003928
MONDO_0005314,EFO_0003929
MONDO_0005316,EFO_0003932
MONDO_0005325,EFO_0003957
MONDO_0005021,EFO_0000407
MONDO_0005326,EFO_0003958
MONDO_0018920,EFO_0002628
MONDO_0005516,EFO_0005571
MONDO_0005327,EFO_0003964
MONDO_0004959,EFO_0000200
MONDO_0005189,EFO_0002615
MONDO_0005191,EFO_0002617
MONDO_0005323,EFO_0003955
MONDO_0005195,EFO_0002623
MONDO_0005194,EFO_0002622
MONDO_0005324,EFO_0003956
MONDO_0015924,EFO_0001361
MONDO_0005144,EFO_0001356
MONDO_0005203,EFO_0002687
MONDO_0005202,EFO_0002686
MONDO_0005145,EFO_0001357
MONDO_0009693,EFO_0001378
MONDO_0004991,EFO_0000308
MONDO_0004996,EFO_0000330
MONDO_0018447,EFO_0000332
MONDO_0017885,EFO_0000335
MONDO_0005161,EFO_0001668
MONDO_0020076,EFO_0002428
MONDO_0005002,EFO_0000341
MONDO_0005163,EFO_0001675
MONDO_0005252,EFO_0003144
MONDO_0005007,EFO_0000364
MONDO_0005013,EFO_0000394
MONDO_0005265,EFO_0003767
MONDO_0005097,EFO_0000708
MONDO_0008433,EFO_0000702
MONDO_0005112,EFO_0000770
MONDO_0004962,EFO_0000206
MONDO_0004964,EFO_0000211
MONDO_0005169,EFO_0002426
MONDO_0004961,EFO_0000205
MONDO_0005208,EFO_0002894
MONDO_0004973,EFO_0000233
MONDO_0005168,EFO_0002425
MONDO_0004969,EFO_0000225
MONDO_0004977,EFO_0000255
MONDO_0004983,EFO_0000279
MONDO_0004987,EFO_0000294
MONDO_0005037,EFO_0000504
MONDO_0005050,EFO_0000552
MONDO_0005051,EFO_0000553
MONDO_0005052,EFO_0000555
MONDO_0008054,EFO_0000557
MONDO_0005045,EFO_0000538
MONDO_0005060,EFO_0000569
MONDO_0005056,EFO_0000559
MONDO_0005058,EFO_0000564
MONDO_0005067,EFO_0000595
MONDO_0005063,EFO_0000580
MONDO_0005019,EFO_0000404
MONDO_0005016,EFO_0000401
MONDO_0005017,EFO_0000402
MONDO_0005029,EFO_0000479
MONDO_0004849,EFO_0000464
MONDO_0005030,EFO_0000495
MONDO_0005032,EFO_0000499
MONDO_0005103,EFO_0000736
MONDO_0005110,EFO_0000767
MONDO_0005115,EFO_0000773
MONDO_0005117,EFO_0000776
MONDO_0005118,EFO_0000777
MONDO_0005106,EFO_0000759
MONDO_0018902,EFO_0000762
MONDO_0012268,EFO_0000765
MONDO_0005119,EFO_0000778
MONDO_0005120,EFO_0000779
MONDO_0005121,EFO_0000780
MONDO_0005122,EFO_0000781
MONDO_0005095,EFO_0000706
MONDO_0013280,EFO_0000613
MONDO_0005076,EFO_0000649
MONDO_0005077,EFO_0000650
MONDO_0005074,EFO_0000639
MONDO_0017884,EFO_0000640
MONDO_0005082,EFO_0000673
MONDO_0005085,EFO_0000678
MONDO_0008487,EFO_0000660
MONDO_0005080,EFO_0000666
MONDO_0005091,EFO_0000694
MONDO_0010030,EFO_0000699
MONDO_0011230,EFO_0005895
MONDO_0005406,EFO_0004593
MONDO_0005408,EFO_0004596
MONDO_0007012,EFO_1001233
MONDO_0005407,EFO_0004594
MONDO_0005361,EFO_0004232
MONDO_0005567,EFO_0005800
MONDO_0005568,EFO_0005801
MONDO_0005572,EFO_0005805
MONDO_0007067,EFO_0005840
MONDO_0005576,EFO_0005846
MONDO_0018360,EFO_0004537
MONDO_0019371,EFO_0005855
MONDO_0003669,EFO_0003101
MONDO_0005556,EFO_0005761
MONDO_0005551,EFO_0005751
MONDO_0005552,EFO_0005753
MONDO_0005555,EFO_0005758
MONDO_0005565,EFO_0005785
MONDO_0043765,EFO_0005782
MONDO_0005365,EFO_0004238
MONDO_0005563,EFO_0005783
MONDO_0008375,EFO_0005773
MONDO_0005253,EFO_0003145
MONDO_0005255,EFO_0003147
MONDO_0005254,EFO_0003146
MONDO_0005257,EFO_0003149
MONDO_0005256,EFO_0003148
MONDO_0005566,EFO_0005799
MONDO_0005549,EFO_0005708
MONDO_0005434,EFO_0004795
MONDO_0012672,EFO_0004799
MONDO_0004665,EFO_0004708
MONDO_0005424,EFO_0004711
MONDO_0005426,EFO_0004715
MONDO_0005425,EFO_0004712
MONDO_0005419,EFO_0004701
MONDO_0005429,EFO_0004720
MONDO_0005430,EFO_0004772
MONDO_0005432,EFO_0004776
MONDO_0005433,EFO_0004777
MONDO_0019810,EFO_0004775
MONDO_0005594,EFO_0006346
MONDO_0005417,EFO_0004683
MONDO_0005418,EFO_0004686
MONDO_0005579,EFO_0005917
MONDO_0005582,EFO_0005924
MONDO_0005580,EFO_0005922
MONDO_0005581,EFO_0005923
MONDO_0005414,EFO_0004609
MONDO_0005584,EFO_0005938
MONDO_0019512,EFO_0005269
MONDO_0005585,EFO_0005942
MONDO_0015796,EFO_0004610
MONDO_0005416,EFO_0004616
MONDO_0005130,EFO_0001060
MONDO_0008608,EFO_0001064
MONDO_0005134,EFO_0001066
MONDO_0005124,EFO_0001054
MONDO_0005125,EFO_0001055
MONDO_0005126,EFO_0001056
MONDO_0005127,EFO_0001057
MONDO_0005139,EFO_0001074
MONDO_0005141,EFO_0001076
MONDO_0005142,EFO_0001077
MONDO_0005143,EFO_0001078
MONDO_0005439,EFO_0004911
MONDO_0011385,EFO_0004994
MONDO_0005435,EFO_0004826
MONDO_0005437,EFO_0004893
MONDO_0007661,EFO_0004895
MONDO_0005436,EFO_0004889
MONDO_0005272,EFO_0003802
MONDO_0005276,EFO_0003819
MONDO_0019157,EFO_0003812
MONDO_0005179,EFO_0002507
MONDO_0005181,EFO_0002509
MONDO_0005284,EFO_0003840
MONDO_0005182,EFO_0002510
MONDO_0005176,EFO_0002502
MONDO_0005177,EFO_0002504
MONDO_0005282,EFO_0003834
MONDO_0005286,EFO_0003849
MONDO_0005287,EFO_0003852
MONDO_0008159,EFO_0003854
MONDO_0005298,EFO_0003882
MONDO_0008779,EFO_0003857
MONDO_0005300,EFO_0003884
MONDO_0005291,EFO_0003870
MONDO_0005293,EFO_0003874
MONDO_0005295,EFO_0003876
MONDO_0005306,EFO_0003898
MONDO_0005175,EFO_0002498
MONDO_0005174,EFO_0002497
MONDO_0009891,EFO_0002429
MONDO_0005258,EFO_0003756
MONDO_0009692,EFO_0002430
MONDO_0008575,EFO_0003768
MONDO_0005259,EFO_0003757
MONDO_0008890,EFO_0003783
MONDO_0005266,EFO_0003770
MONDO_0011849,EFO_0003778
MONDO_0005623,EFO_0006812
MONDO_0005588,EFO_0006313
MONDO_0005589,EFO_0006315
MONDO_0005592,EFO_0006339
MONDO_0005591,EFO_0006338
MONDO_0005595,EFO_0006352
MONDO_0008226,EFO_0006342
MONDO_0005593,EFO_0006343
MONDO_0005445,EFO_0005045
MONDO_0005598,EFO_0006391
MONDO_0005601,EFO_0006462
MONDO_0005597,EFO_0006388
MONDO_0019198,EFO_1001205
MONDO_0017255,EFO_1001082
MONDO_0006990,EFO_1001203
MONDO_0006989,EFO_1001202
MONDO_0006988,EFO_1001200
MONDO_0008538,EFO_1001209
MONDO_0006994,EFO_1001208
MONDO_0006997,EFO_1001213
MONDO_0006993,EFO_1001207
MONDO_0006992,EFO_1001206
MONDO_0006998,EFO_1001214
MONDO_0008889,EFO_1001211
MONDO_0006995,EFO_1001210
MONDO_0008599,EFO_1001219
MONDO_0007000,EFO_1001217
MONDO_0007008,EFO_1001226
MONDO_0007007,EFO_1001225
MONDO_0007006,EFO_1001224
MONDO_0007005,EFO_1001223
MONDO_0007002,EFO_1001220
MONDO_0007009,EFO_1001228
MONDO_0007017,EFO_1001238
MONDO_0007015,EFO_1001236
MONDO_0007014,EFO_1001235
MONDO_0007013,EFO_1001234
MONDO_0007011,EFO_1001232
MONDO_0007018,EFO_1001239
MONDO_0007020,EFO_1001241
MONDO_0007019,EFO_1001240
MONDO_0007027,EFO_1001249
MONDO_0007025,EFO_1001247
MONDO_0007024,EFO_1001246
MONDO_0007023,EFO_1001245
MONDO_0007022,EFO_1001244
MONDO_0006939,EFO_1001141
MONDO_0010198,EFO_1001242
MONDO_0005974,EFO_0007501
MONDO_0005973,EFO_0007500
MONDO_0005977,EFO_0007505
MONDO_0005975,EFO_0007503
MONDO_0009835,EFO_0007502
MONDO_0005981,EFO_0007509
MONDO_0005980,EFO_0007508
MONDO_0005979,EFO_0007507
MONDO_0005978,EFO_0007506
MONDO_0005995,EFO_0007523
MONDO_0005994,EFO_0007522
MONDO_0005993,EFO_0007521
MONDO_0008039,EFO_0007527
MONDO_0005998,EFO_0007526
MONDO_0005997,EFO_0007525
MONDO_0005996,EFO_0007524
MONDO_0006000,EFO_0007529
MONDO_0005999,EFO_0007528
MONDO_0005242,EFO_0003097
MONDO_0005984,EFO_0007512
MONDO_0005983,EFO_0007511
MONDO_0005988,EFO_0007516
MONDO_0005987,EFO_0007515
MONDO_0005986,EFO_0007514
MONDO_0005985,EFO_0007513
MONDO_0005991,EFO_0007519
MONDO_0005990,EFO_0007518
MONDO_0005989,EFO_0007517
MONDO_0006012,EFO_0007541
MONDO_0006015,EFO_0007544
MONDO_0005495,EFO_0005539
MONDO_0019610,EFO_0007549
MONDO_0006019,EFO_0007548
MONDO_0019380,EFO_0007546
MONDO_0006001,EFO_0007530
MONDO_0006005,EFO_0007534
MONDO_0006004,EFO_0007533
MONDO_0006003,EFO_0007532
MONDO_0006009,EFO_0007538
MONDO_0006008,EFO_0007537
MONDO_0006006,EFO_0007535
MONDO_0006010,EFO_0007539
MONDO_0006044,EFO_1000041
MONDO_0006045,EFO_1000042
MONDO_0006043,EFO_1000040
MONDO_0006052,EFO_1000049
MONDO_0006050,EFO_1000047
MONDO_0019954,EFO_1000045
MONDO_0006049,EFO_1000046
MONDO_0006046,EFO_1000043
MONDO_0006047,EFO_1000044
MONDO_0005967,EFO_0007492
MONDO_0005966,EFO_0007491
MONDO_0005965,EFO_0007490
MONDO_0006055,EFO_1000052
MONDO_0005971,EFO_0007497
MONDO_0005970,EFO_0007496
MONDO_0006053,EFO_1000050
MONDO_0005969,EFO_0007495
MONDO_0005968,EFO_0007494
MONDO_0005972,EFO_0007499
MONDO_0008491,EFO_0007498
MONDO_0006060,EFO_1000058
MONDO_0006061,EFO_1000059
MONDO_0006059,EFO_1000057
MONDO_0006065,EFO_1000063
MONDO_0006066,EFO_1000064
MONDO_0004905,EFO_1000060
MONDO_0006069,EFO_1000067
MONDO_0006067,EFO_1000065
MONDO_0006068,EFO_1000066
MONDO_0006075,EFO_1000074
MONDO_0006076,EFO_1000075
MONDO_0006073,EFO_1000072
MONDO_0006074,EFO_1000073
MONDO_0006071,EFO_1000070
MONDO_0003185,EFO_1000071
MONDO_0006079,EFO_1000078
MONDO_0006077,EFO_1000076
MONDO_0006078,EFO_1000077
MONDO_0006085,EFO_1000085
MONDO_0006646,EFO_1000084
MONDO_0006082,EFO_1000081
MONDO_0006081,EFO_1000080
MONDO_0006088,EFO_1000089
MONDO_0006086,EFO_1000087
MONDO_0006087,EFO_1000088
MONDO_0006095,EFO_1000097
MONDO_0006093,EFO_1000094
MONDO_0006094,EFO_1000095
MONDO_0006091,EFO_1000092
MONDO_0006092,EFO_1000093
MONDO_0006090,EFO_1000091
MONDO_0006096,EFO_1000098
MONDO_0006097,EFO_1000099
MONDO_0006025,EFO_1000017
MONDO_0016505,EFO_1000015
MONDO_0014262,EFO_1000012
MONDO_0006021,EFO_1000013
MONDO_0006027,EFO_1000019
MONDO_0006028,EFO_1000020
MONDO_0006033,EFO_1000026
MONDO_0006031,EFO_1000024
MONDO_0006029,EFO_1000021
MONDO_0006034,EFO_1000029
MONDO_0006035,EFO_1000030
MONDO_0005606,EFO_0006500
MONDO_0006042,EFO_1000039
MONDO_0006040,EFO_1000036
MONDO_0006041,EFO_1000037
MONDO_0006038,EFO_1000034
MONDO_0006039,EFO_1000035
MONDO_0006036,EFO_1000032
MONDO_0005608,EFO_0006509
MONDO_0005610,EFO_0006511
MONDO_0005607,EFO_0006505
MONDO_0005452,EFO_0005204
MONDO_0005615,EFO_0006738
MONDO_0005453,EFO_0005207
MONDO_0005221,EFO_0003017
MONDO_0003763,EFO_0005223
MONDO_0019186,EFO_0005224
MONDO_0018695,EFO_0005222
MONDO_0005459,EFO_0005225
MONDO_0006892,EFO_1001090
MONDO_0006899,EFO_1001098
MONDO_0006898,EFO_1001097
MONDO_0005465,EFO_0005242
MONDO_0006897,EFO_1001096
MONDO_0006896,EFO_1001095
MONDO_0005464,EFO_0005240
MONDO_0006895,EFO_1001094
MONDO_0008214,EFO_1001093
MONDO_0006894,EFO_1001092
MONDO_0006893,EFO_1001091
MONDO_0006900,EFO_1001099
MONDO_0005470,EFO_0005253
MONDO_0005467,EFO_0005250
MONDO_0005602,EFO_0006463
MONDO_0005471,EFO_0005254
MONDO_0009975,EFO_0005287
MONDO_0005473,EFO_0005279
MONDO_0012105,EFO_0005297
MONDO_0006826,EFO_1001009
MONDO_0006825,EFO_1001008
MONDO_0009509,EFO_1001010
MONDO_0006833,EFO_1001018
MONDO_0006831,EFO_1001016
MONDO_0006830,EFO_1001015
MONDO_0006829,EFO_1001014
MONDO_0006828,EFO_1001013
MONDO_0006827,EFO_1001011
MONDO_0006834,EFO_1001019
MONDO_0006836,EFO_1001021
MONDO_0006835,EFO_1001020
MONDO_0006844,EFO_1001029
MONDO_0006843,EFO_1001028
MONDO_0006842,EFO_1001027
MONDO_0006841,EFO_1001026
MONDO_0006840,EFO_1001025
MONDO_0006838,EFO_1001023
MONDO_0006837,EFO_1001022
MONDO_0005338,EFO_0004190
MONDO_0006847,EFO_1001032
MONDO_0006846,EFO_1001031
MONDO_0006845,EFO_1001030
MONDO_0007969,EFO_1001039
MONDO_0006851,EFO_1001037
MONDO_0007955,EFO_1001036
MONDO_0006850,EFO_1001035
MONDO_0006849,EFO_1001034
MONDO_0006848,EFO_1001033
MONDO_0006855,EFO_1001043
MONDO_0006854,EFO_1001042
MONDO_0006853,EFO_1001041
MONDO_0018059,EFO_1001040
MONDO_0006859,EFO_1001048
MONDO_0006857,EFO_1001045
MONDO_0006856,EFO_1001044
MONDO_0006862,EFO_1001054
MONDO_0008945,EFO_1001053
MONDO_0006861,EFO_1001052
MONDO_0009691,EFO_1001051
MONDO_0006866,EFO_1001059
MONDO_0006865,EFO_1001058
MONDO_0006864,EFO_1001057
MONDO_0006863,EFO_1001056
MONDO_0009718,EFO_1001055
MONDO_0009366,EFO_1001065
MONDO_0006871,EFO_1001064
MONDO_0017124,EFO_1001063
MONDO_0006868,EFO_1001061
MONDO_0019783,EFO_1001060
MONDO_0006875,EFO_1001069
MONDO_0006874,EFO_1001068
MONDO_0006881,EFO_1001076
MONDO_0006880,EFO_1001075
MONDO_0006879,EFO_1001074
MONDO_0006878,EFO_1001072
MONDO_0006877,EFO_1001071
MONDO_0006876,EFO_1001070
MONDO_0006889,EFO_1001086
MONDO_0006888,EFO_1001085
MONDO_0006887,EFO_1001084
MONDO_0006886,EFO_1001083
MONDO_0006884,EFO_1001081
MONDO_0006883,EFO_1001080
MONDO_0006891,EFO_1001089
MONDO_0011644,EFO_1001088
MONDO_0008114,EFO_0004242
MONDO_0006824,EFO_1001007
MONDO_0006821,EFO_1001004
MONDO_0006820,EFO_1001003
MONDO_0006817,EFO_1001000
MONDO_0005599,EFO_0006452
MONDO_0018689,EFO_0006475
MONDO_0005448,EFO_0005129
MONDO_0005449,EFO_0005137
MONDO_0005605,EFO_0006497
MONDO_0006930,EFO_1001131
MONDO_0006929,EFO_1001130
MONDO_0006937,EFO_1001139
MONDO_0006936,EFO_1001138
MONDO_0006935,EFO_1001137
MONDO_0006933,EFO_1001135
MONDO_0006932,EFO_1001134
MONDO_0006931,EFO_1001133
MONDO_0009468,EFO_1001132
MONDO_0009949,EFO_1001142
MONDO_0006938,EFO_1001140
MONDO_0006944,EFO_1001149
MONDO_0019125,EFO_1001148
MONDO_0017768,EFO_1001146
MONDO_0008364,EFO_1001145
MONDO_0006941,EFO_1001144
MONDO_0006940,EFO_1001143
MONDO_0006946,EFO_1001152
MONDO_0006945,EFO_1001150
MONDO_0006953,EFO_1001159
MONDO_0006952,EFO_1001158
MONDO_0006951,EFO_1001157
MONDO_0006950,EFO_1001156
MONDO_0006949,EFO_1001155
MONDO_0006948,EFO_1001154
MONDO_0019266,EFO_1001164
MONDO_0006957,EFO_1001163
MONDO_0006956,EFO_1001162
MONDO_0006955,EFO_1001161
MONDO_0009412,EFO_1001169
MONDO_0006961,EFO_1001168
MONDO_0006960,EFO_1001166
MONDO_0018304,EFO_1001165
MONDO_0006966,EFO_1001175
MONDO_0006965,EFO_1001174
MONDO_0006963,EFO_1001172
MONDO_0006962,EFO_1001171
MONDO_0006969,EFO_1001179
MONDO_0006968,EFO_1001178
MONDO_0008436,EFO_1001186
MONDO_0006975,EFO_1001185
MONDO_0006974,EFO_1001184
MONDO_0006973,EFO_1001183
MONDO_0006971,EFO_1001181
MONDO_0006970,EFO_1001180
MONDO_0006977,EFO_1001189
MONDO_0006976,EFO_1001187
MONDO_0006984,EFO_1001196
MONDO_0006983,EFO_1001195
MONDO_0006982,EFO_1001194
MONDO_0006981,EFO_1001193
MONDO_0006980,EFO_1001192
MONDO_0006978,EFO_1001190
MONDO_0006986,EFO_1001198
MONDO_0006905,EFO_1001105
MONDO_0006904,EFO_1001104
MONDO_0006903,EFO_1001102
MONDO_0015742,EFO_1001101
MONDO_0006901,EFO_1001100
MONDO_0006909,EFO_1001109
MONDO_0006908,EFO_1001108
MONDO_0006907,EFO_1001107
MONDO_0006916,EFO_1001117
MONDO_0006915,EFO_1001116
MONDO_0017364,EFO_1001115
MONDO_0006913,EFO_1001114
MONDO_0006912,EFO_1001113
MONDO_0008495,EFO_1001112
MONDO_0020552,EFO_1001111
MONDO_0018912,EFO_0003099
MONDO_0006918,EFO_1001119
MONDO_0006917,EFO_1001118
MONDO_0006919,EFO_1001120
MONDO_0006927,EFO_1001128
MONDO_0006926,EFO_1001127
MONDO_0006925,EFO_1001126
MONDO_0006924,EFO_1001125
MONDO_0006923,EFO_1001124
MONDO_0006922,EFO_1001123
MONDO_0006921,EFO_1001122
MONDO_0006920,EFO_1001121
MONDO_0005483,EFO_0005400
MONDO_0005614,EFO_0006732
MONDO_0005613,EFO_0006719
MONDO_0005488,EFO_0005423
MONDO_0005392,EFO_0004273
MONDO_0005486,EFO_0005410
MONDO_0005487,EFO_0005411
MONDO_0005616,EFO_0006740
MONDO_0005621,EFO_0006791
MONDO_0005620,EFO_0006790
MONDO_0005333,EFO_0004127
MONDO_0005334,EFO_0004128
MONDO_0007100,EFO_0004129
MONDO_0001595,EFO_0004152
MONDO_0007275,EFO_0004143
MONDO_0013571,EFO_0004144
MONDO_0005340,EFO_0004192
MONDO_0005339,EFO_0004191
MONDO_0005342,EFO_0004194
MONDO_0014500,EFO_0005304
MONDO_0005476,EFO_0005305
MONDO_0005477,EFO_0005306
MONDO_0005478,EFO_0005307
MONDO_0005481,EFO_0005320
MONDO_0013792,EFO_0005669
MONDO_0005223,EFO_0003026
MONDO_0005546,EFO_0005687
MONDO_0005224,EFO_0003027
MONDO_0019458,EFO_0003029
MONDO_0005542,EFO_0005672
MONDO_0005544,EFO_0005678
MONDO_0005219,EFO_0003014
MONDO_0016264,EFO_0005676
MONDO_0005220,EFO_0003016
MONDO_0005238,EFO_0003084
MONDO_0020562,EFO_0003083
MONDO_0020563,EFO_0003085
MONDO_0005235,EFO_0003073
MONDO_0008243,EFO_0003096
MONDO_0005533,EFO_0005623
MONDO_0005534,EFO_0005624
MONDO_0005532,EFO_0005622
MONDO_0005538,EFO_0005628
MONDO_0005536,EFO_0005626
MONDO_0005531,EFO_0005612
MONDO_0005490,EFO_0005524
MONDO_0005491,EFO_0005529
MONDO_0005625,EFO_0006857
MONDO_0005498,EFO_0005542
MONDO_0005348,EFO_0004212
MONDO_0005346,EFO_0004210
MONDO_0005501,EFO_0005546
MONDO_0005502,EFO_0005547
MONDO_0005352,EFO_0004216
MONDO_0005500,EFO_0005545
MONDO_0005350,EFO_0004214
MONDO_0005503,EFO_0005548
MONDO_0005504,EFO_0005549
MONDO_0007972,EFO_0006862
MONDO_0010481,EFO_0005532
MONDO_0005628,EFO_0006861
MONDO_0005493,EFO_0005534
MONDO_0008661,EFO_0004208
MONDO_0005511,EFO_0005565
MONDO_0005510,EFO_0005562
MONDO_0021129,EFO_0005569
MONDO_0008327,EFO_0004235
MONDO_0005512,EFO_0005567
MONDO_0005505,EFO_0005551
MONDO_0005358,EFO_0004227
MONDO_0010315,EFO_0005555
MONDO_0005355,EFO_0004224
MONDO_0007745,EFO_0005556
MONDO_0005356,EFO_0004225
MONDO_0005359,EFO_0004228
MONDO_0005519,EFO_0005582
MONDO_0005375,EFO_0004252
MONDO_0010565,EFO_0005580
MONDO_0010564,EFO_0005581
MONDO_0005377,EFO_0004255
MONDO_0019100,EFO_0004256
MONDO_0008171,EFO_0004253
MONDO_0019345,EFO_0005585
MONDO_0005376,EFO_0004254
MONDO_0005379,EFO_0004257
MONDO_0005367,EFO_0004240
MONDO_0008228,EFO_0005576
MONDO_0005518,EFO_0005579
MONDO_0005372,EFO_0004248
MONDO_0005373,EFO_0004249
MONDO_0012727,EFO_0004246
MONDO_0005391,EFO_0004270
MONDO_0005393,EFO_0004274
MONDO_0018229,EFO_0004276
MONDO_0005523,EFO_0005590
MONDO_0005526,EFO_0005593
MONDO_0005525,EFO_0005592
MONDO_0005527,EFO_0005595
MONDO_0005398,EFO_0004284
MONDO_0005396,EFO_0004282
MONDO_0005399,EFO_0004286
MONDO_0005624,EFO_0006813
MONDO_0019369,EFO_1001998
MONDO_0000984,EFO_1001996
MONDO_0011662,EFO_1001926
MONDO_0004608,EFO_1001931
MONDO_0004405,EFO_1001939
MONDO_0002971,EFO_1001937
MONDO_0021253,EFO_0004606
MONDO_0000875,EFO_1001933
MONDO_0003486,EFO_1001940
MONDO_0002271,EFO_1001949
MONDO_0002032,EFO_1001950
MONDO_0003556,EFO_1001952
MONDO_0003345,EFO_1001959
MONDO_0003220,EFO_1001956
MONDO_0018078,EFO_1001968
MONDO_0003372,EFO_1001975
MONDO_0003900,EFO_1001986
MONDO_0001584,EFO_1001990
MONDO_0019344,EFO_1001982
MONDO_0013681,EFO_1001980
MONDO_0011224,EFO_1001989
MONDO_0019734,EFO_1001988
MONDO_0019340,EFO_1001993
MONDO_0008408,EFO_1001992
MONDO_0012000,EFO_1001918
MONDO_0019056,EFO_1001902
MONDO_0003699,EFO_1001908
MONDO_0001098,EFO_1001916
MONDO_0003748,EFO_1001889
MONDO_0001875,EFO_1001887
MONDO_0001942,EFO_1001892
MONDO_0002409,EFO_1001455
MONDO_0006335,EFO_1000416
MONDO_0021702,EFO_1001759
MONDO_0019632,EFO_0008510
MONDO_0019735,EFO_0008518
MONDO_0001741,EFO_0008506
MONDO_0021061,EFO_0008514
MONDO_0019613,EFO_0008516
MONDO_0018301,EFO_0008507
MONDO_0002791,EFO_0008508
MONDO_0000552,EFO_0008509
MONDO_0003014,EFO_0008521
MONDO_0000450,EFO_0008522
MONDO_0000402,EFO_0008524
MONDO_0000451,EFO_0008520
MONDO_0001516,EFO_0008525
MONDO_0002125,EFO_0008526
MONDO_0002489,EFO_0008545
MONDO_0002670,EFO_0008490
MONDO_0016698,EFO_1000028
MONDO_0002926,EFO_0008498
MONDO_0015545,EFO_1001806
MONDO_0001616,EFO_1001805
MONDO_0016370,EFO_1001809
MONDO_0017638,EFO_1001808
MONDO_0018166,EFO_1001818
MONDO_0000986,EFO_1001825
MONDO_0001179,EFO_1001824
MONDO_0015529,EFO_1001822
MONDO_0019105,EFO_1001838
MONDO_0018546,EFO_1001842
MONDO_0021244,EFO_1001853
MONDO_0017991,EFO_1001857
MONDO_0019390,EFO_1001856
MONDO_0001517,EFO_1001869
MONDO_0014556,EFO_1001868
MONDO_0003174,EFO_1000544
MONDO_0003727,EFO_1001876
MONDO_0003740,EFO_1001873
MONDO_0003709,EFO_1001872
MONDO_0018876,EFO_1001469
MONDO_0015302,EFO_1001882
MONDO_0004664,EFO_1001342
MONDO_0020311,EFO_1001779
MONDO_0016426,EFO_1001795
MONDO_0002714,EFO_0000326
MONDO_0013878,EFO_1001501
MONDO_0000724,EFO_1001510
MONDO_0000494,EFO_1001517
MONDO_0004691,EFO_1001496
MONDO_0016218,EFO_0007292
MONDO_0019168,EFO_1001409
MONDO_0004855,EFO_1001435
MONDO_0000367,EFO_1001433
MONDO_0001947,EFO_1001431
MONDO_0021050,EFO_1001447
MONDO_0004936,EFO_1001446
MONDO_0019498,EFO_1001445
MONDO_0018077,EFO_1001444
MONDO_0001613,EFO_1001449
MONDO_0007921,EFO_1001452
MONDO_0002269,EFO_1001463
MONDO_0015691,EFO_1001467
MONDO_0016681,EFO_1001465
MONDO_0021680,EFO_1001476
MONDO_0002501,EFO_0006545
MONDO_0015254,EFO_1001475
MONDO_0019933,EFO_1001485
MONDO_0000675,EFO_1001484
MONDO_0001982,EFO_1001380
MONDO_0005005,EFO_0000349
MONDO_0016702,EFO_0000630
MONDO_0016695,EFO_0000632
MONDO_0016703,EFO_0002500
MONDO_0016696,EFO_0002501
MONDO_0016684,EFO_0002499
MONDO_0003834,EFO_1001252
MONDO_0002330,EFO_1001260
MONDO_0000309,EFO_1001266
MONDO_0004652,EFO_1001272
MONDO_0003754,EFO_1001279
MONDO_0001297,EFO_1001285
MONDO_0001956,EFO_1001284
MONDO_0010913,EFO_1001286
MONDO_0000702,EFO_1001295
MONDO_0000704,EFO_1001294
MONDO_0000703,EFO_1001293
MONDO_0001976,EFO_1001290
MONDO_0001945,EFO_1001402
MONDO_0004755,EFO_1001372
MONDO_0019790,EFO_1001379
MONDO_0001935,EFO_1001378
MONDO_0015537,EFO_1001376
MONDO_0015247,EFO_1001383
MONDO_0004260,EFO_1001389
MONDO_0000922,EFO_1001388
MONDO_0004717,EFO_1001387
MONDO_0004625,EFO_1001395
MONDO_0004508,EFO_1001391
MONDO_0004038,EFO_1001304
MONDO_0000878,EFO_1001302
MONDO_0015264,EFO_1001300
MONDO_0001979,EFO_1001307
MONDO_0000918,EFO_1001312
MONDO_0004941,EFO_1001316
MONDO_0004668,EFO_1001324
MONDO_0000337,EFO_1001320
MONDO_0002946,EFO_1001335
MONDO_0001998,EFO_1001330
MONDO_0021209,EFO_1001339
MONDO_0004694,EFO_1001346
MONDO_0004431,EFO_1001344
MONDO_0019464,EFO_1001341
MONDO_0007863,EFO_1001354
MONDO_0015987,EFO_1001167
MONDO_0022430,EFO_1001103
MONDO_0002142,EFO_1001972
MONDO_0018193,EFO_1000573
MONDO_0000605,EFO_1002003
MONDO_0002473,EFO_0008615
MONDO_0024331,EFO_1001951
MONDO_0008718,EFO_1001897
MONDO_0019119,EFO_1001899
MONDO_0019337,EFO_0008598
MONDO_0021124,EFO_0008560
MONDO_0018020,EFO_1001810
MONDO_0023305,EFO_1001518
MONDO_0022799,EFO_1001881
MONDO_0004619,EFO_1002025
MONDO_0004656,EFO_1002026
MONDO_0001795,EFO_1002023
MONDO_0021060,EFO_1001502
MONDO_0001142,EFO_0008581
MONDO_0001358,EFO_1002018
MONDO_0001266,EFO_1001462
MONDO_0002565,EFO_1001472
MONDO_0016345,EFO_1001473
MONDO_0008109,EFO_0008610
MONDO_0019322,EFO_0008613
MONDO_0019324,EFO_0008601
MONDO_0018974,EFO_0008602
MONDO_0019323,EFO_0008603
MONDO_0001442,EFO_0008623
MONDO_0004766,EFO_0008590
MONDO_0018688,EFO_0008597
MONDO_0004522,EFO_0008588
MONDO_0004781,EFO_0008583
MONDO_0021042,EFO_0005543
MONDO_0015447,EFO_1002017
MONDO_0003072,EFO_0005716
MONDO_0004648,EFO_0004718
MONDO_0001105,EFO_1002039
MONDO_0016733,EFO_0003094
MONDO_0020560,EFO_1002008
MONDO_0019433,EFO_1002019
MONDO_0002444,EFO_1002014
MONDO_0003232,EFO_1002013
MONDO_0001200,EFO_1002034
MONDO_0017603,EFO_1000083
MONDO_0018063,EFO_1000742
MONDO_0001419,EFO_1000600
MONDO_0018872,EFO_0003025
MONDO_0024609,EFO_1000624
MONDO_0018908,EFO_0005952
MONDO_0020528,EFO_1001110
MONDO_0003184,EFO_1000599
MONDO_0019355,EFO_0007135
MONDO_0005539,EFO_0005629
MONDO_0005537,EFO_0005627
MONDO_0007699,EFO_0003779
MONDO_0006839,EFO_1001024
MONDO_0006823,EFO_1001006
MONDO_0003198,EFO_1000532
MONDO_0018871,EFO_0000223
MONDO_0006972,EFO_1001182
MONDO_0005535,EFO_0005625
MONDO_0020334,EFO_0007359
MONDO_0013662,EFO_0000280
MONDO_0006018,EFO_0007547
MONDO_0019805,EFO_1001221
MONDO_0005690,EFO_0007192
MONDO_0005116,EFO_0000775
MONDO_0007191,EFO_0003780
MONDO_0005586,EFO_0005950
MONDO_0003493,EFO_1000579
MONDO_0018181,EFO_0007473
MONDO_0003645,EFO_1000152
MONDO_0007603,EFO_0007269
MONDO_0005006,EFO_0000350
MONDO_0005011,EFO_0000384
MONDO_0004122,EFO_1000578
MONDO_0000607,EFO_0002913
MONDO_0001095,EFO_1000367
MONDO_0004114,EFO_1000129
MONDO_0006745,EFO_1000919
MONDO_0003256,EFO_1000285
MONDO_0019376,EFO_0007545
MONDO_0002752,EFO_0006460
MONDO_0003355,EFO_0006718
MONDO_0002169,EFO_0005631
MONDO_0005026,EFO_0000466
MONDO_0004948,EFO_0000095
MONDO_0005671,EFO_0007173
MONDO_0018747,EFO_1000691
MONDO_0017590,EFO_1000079
MONDO_0005528,EFO_0005596
MONDO_0006706,EFO_1000873
MONDO_0006536,EFO_1000681
MONDO_0005023,EFO_0000432
MONDO_0006705,EFO_1000872
MONDO_0000951,EFO_1000054
MONDO_0001223,EFO_0005754
MONDO_0006890,EFO_1001087
MONDO_0017604,EFO_1000630
MONDO_0005590,EFO_0006318
MONDO_0005233,EFO_0003060
MONDO_0005803,EFO_0007318
MONDO_0006964,EFO_1001173
MONDO_0001560,EFO_0004707
MONDO_0005494,EFO_0005537
MONDO_0003507,EFO_1000413
MONDO_0004990,EFO_0000306
MONDO_0004984,EFO_0000281
MONDO_0004967,EFO_0000220
MONDO_0010811,EFO_0000284
MONDO_0005034,EFO_0000501
MONDO_0006519,EFO_1000657
MONDO_0005075,EFO_0000641
MONDO_0005262,EFO_0003760
MONDO_0011655,EFO_0007143
MONDO_0009993,EFO_0000437
MONDO_0005463,EFO_0005239
MONDO_0004956,EFO_0000196
MONDO_0006711,EFO_1000878
MONDO_0006726,EFO_1000898
MONDO_0003240,EFO_1000627
MONDO_0005200,EFO_0002629
MONDO_0009994,EFO_0000248
MONDO_0005264,EFO_0003764
MONDO_0006947,EFO_1001153
MONDO_0003481,EFO_1000414
MONDO_0018769,EFO_0007232
MONDO_0015265,EFO_0007183
MONDO_0005289,EFO_0003866
MONDO_0007001,EFO_1001218
MONDO_0000190,EFO_0004287
MONDO_0005530,EFO_0005611
MONDO_0006354,EFO_1000457
MONDO_0006362,EFO_1000467
MONDO_0006190,EFO_1000230
MONDO_0007147,EFO_0003918
MONDO_0005099,EFO_0000713
MONDO_0005469,EFO_0005252
MONDO_0006665,EFO_1000826
MONDO_0005642,EFO_0007141
MONDO_0005192,EFO_0002618
MONDO_0005304,EFO_0003891
MONDO_0006669,EFO_1000830
MONDO_0006791,EFO_1000971
MONDO_0006292,EFO_1000355
MONDO_0003924,EFO_0003104
MONDO_0018646,EFO_0004268
MONDO_0005210,EFO_0002914
MONDO_0005068,EFO_0000612
MONDO_0006608,EFO_1000764
MONDO_0006109,EFO_1000124
MONDO_0002096,EFO_1000204
MONDO_0006007,EFO_0007536
MONDO_0006806,EFO_1000986
MONDO_0005086,EFO_0000681
MONDO_0007035,EFO_1000660
MONDO_0005694,EFO_0009255
MONDO_0005035,EFO_0000502
MONDO_0005102,EFO_0000730
MONDO_0021001,EFO_0006513
MONDO_0007016,EFO_1001237
MONDO_0005362,EFO_0004234
MONDO_0005347,EFO_0004211
MONDO_0014184,EFO_0005425
MONDO_0005936,EFO_0007461
MONDO_0006123,EFO_1000150
MONDO_0004981,EFO_0000275
MONDO_0005366,EFO_0004239
MONDO_0005354,EFO_0004220
MONDO_0018690,EFO_0004126
MONDO_0006624,EFO_1000781
MONDO_0005012,EFO_0000389
MONDO_0005279,EFO_0003827
MONDO_0005804,EFO_0007319
MONDO_0005101,EFO_0000729
MONDO_0000960,EFO_1000896
MONDO_0002789,EFO_1000289
MONDO_0005015,EFO_0000400
MONDO_0005402,EFO_0004289
MONDO_0005001,EFO_0000337
MONDO_0005173,EFO_0002496
MONDO_0008475,EFO_0007493
MONDO_0006651,EFO_1000811
MONDO_0005212,EFO_0002918
MONDO_0005055,EFO_0000558
MONDO_0010434,EFO_0001376
MONDO_0005288,EFO_0003855
MONDO_0007448,EFO_1000685
MONDO_0005113,EFO_0000771
MONDO_0005369,EFO_0004243
MONDO_0005207,EFO_0002893
MONDO_0005881,EFO_0007401
MONDO_0005783,EFO_0007298
MONDO_0004997,EFO_0000331
MONDO_0005160,EFO_0001666
MONDO_0006774,EFO_1000954
MONDO_0005583,EFO_0005932
MONDO_0005310,EFO_0003911
MONDO_0008977,EFO_0000333
MONDO_0010643,EFO_1000068
MONDO_0005033,EFO_0000500
MONDO_0009047,EFO_0004562
MONDO_0005412,EFO_0004607
MONDO_0007028,EFO_1001250
MONDO_0006996,EFO_1001212
MONDO_0006869,EFO_1001062
MONDO_0005387,EFO_0004266
MONDO_0004335,EFO_0000405
MONDO_0006795,EFO_1000975
MONDO_0006769,EFO_1000948
MONDO_0006530,EFO_1000675
MONDO_0006573,EFO_1000727
MONDO_0006602,EFO_1000757
MONDO_0005133,EFO_0001065
MONDO_0005246,EFO_0003102
MONDO_0005541,EFO_0005649
MONDO_0002728,EFO_0005701
MONDO_0005904,EFO_0007427
MONDO_0005025,EFO_0000465
MONDO_0005164,EFO_0002087
MONDO_0009807,EFO_0000637
MONDO_0005441,EFO_0004992
MONDO_0016982,EFO_0003968
MONDO_0005571,EFO_0005804
MONDO_0008449,EFO_0003105
MONDO_0005349,EFO_0004213
MONDO_0005108,EFO_0000763
MONDO_0005183,EFO_0002511
MONDO_0005468,EFO_0005251
MONDO_0005344,EFO_0004197
MONDO_0016723,EFO_1000476
MONDO_0005296,EFO_0003877
MONDO_0005280,EFO_0003830
MONDO_0008628,EFO_1001227
MONDO_0005466,EFO_0005246
MONDO_0005231,EFO_0003047
MONDO_0005345,EFO_0004209
MONDO_0006634,EFO_1000791
MONDO_0006673,EFO_1000834
MONDO_0005084,EFO_0000677
MONDO_0005230,EFO_0003035
MONDO_0005898,EFO_0007421
MONDO_0005048,EFO_0000549
MONDO_0005297,EFO_0003878
MONDO_0014726,EFO_1001983
MONDO_0005454,EFO_0005220
MONDO_0004966,EFO_0000217
MONDO_0005485,EFO_0005407
MONDO_0006499,EFO_1000634
MONDO_0005492,EFO_0005531
MONDO_0005627,EFO_0006859
MONDO_0005404,EFO_0004540
MONDO_0005507,EFO_0005557
MONDO_0019454,EFO_0003811
MONDO_0005070,EFO_0000616
MONDO_0005105,EFO_0000756
MONDO_0005059,EFO_0000565
MONDO_0005250,EFO_0003110
MONDO_0013600,EFO_0004698
MONDO_0006022,EFO_1000014
MONDO_0006882,EFO_1001078
MONDO_0005489,EFO_0005424
MONDO_0005236,EFO_0003075
MONDO_0005438,EFO_0004906
MONDO_0002729,EFO_1000512
MONDO_0004229,EFO_1001969
MONDO_0015759,EFO_1001938
MONDO_0017572,EFO_1001309
MONDO_0004053,EFO_1000104
MONDO_0001505,EFO_1001345
MONDO_0001868,EFO_1001506
MONDO_0020108,EFO_1001264
MONDO_0002829,EFO_1000103
MONDO_0019562,EFO_1001361
MONDO_0000872,EFO_1001946
MONDO_0000874,EFO_1001948
MONDO_0019434,EFO_1001999
MONDO_0018913,EFO_1001807
MONDO_0007345,EFO_1001267
MONDO_0018510,EFO_1001928
MONDO_0008720,EFO_1001979
MONDO_0002572,EFO_1001399
MONDO_0009763,EFO_1001382
MONDO_0000871,EFO_1001947
MONDO_0001577,EFO_1001413
MONDO_0008685,EFO_1001450
MONDO_0003539,EFO_1001936
MONDO_0000814,EFO_1001935
MONDO_0000813,EFO_1001442
MONDO_0024619,EFO_1001456
MONDO_0002447,EFO_1001512
MONDO_0005388,EFO_1001486
MONDO_0018815,EFO_1001760
MONDO_0020572,EFO_1000854
MONDO_0020283,EFO_1001231
MONDO_0006816,EFO_1000999
MONDO_0006814,EFO_1000997
MONDO_0005397,EFO_0004283
MONDO_0006517,EFO_1000654
MONDO_0001247,EFO_1001917
MONDO_0006456,EFO_1000581
MONDO_0017844,EFO_1000785
MONDO_0006551,EFO_1000701
MONDO_0011122,EFO_0001073
MONDO_0015274,EFO_0007168
MONDO_0006294,EFO_1000362
MONDO_0004957,EFO_0000197
MONDO_0019781,EFO_0000272
MONDO_0006359,EFO_1000464
MONDO_0005554,EFO_0005755
MONDO_0021210,EFO_1001437
MONDO_0006011,EFO_0004196
MONDO_0005744,EFO_0007252
MONDO_0009303,EFO_0007290
MONDO_0005318,EFO_0003938
MONDO_0005104,EFO_0000737
MONDO_0007886,EFO_0000731
MONDO_0005292,EFO_0003872
MONDO_0011438,EFO_0003894
MONDO_0005166,EFO_0002423
MONDO_0005260,EFO_0003758
MONDO_0005982,EFO_0007510
MONDO_0005447,EFO_0005088
MONDO_0011441,EFO_1001147
MONDO_0005520,EFO_0005583
MONDO_0005382,EFO_0004261
MONDO_0015943,EFO_0007208
MONDO_0005815,EFO_0007331
MONDO_0004633,EFO_1002031
MONDO_0021242,EFO_1001430
MONDO_0019018,EFO_1002000
MONDO_0010730,EFO_1001451
MONDO_0024332,EFO_1001417
MONDO_0013098,EFO_1001254
MONDO_0018161,EFO_0005717
MONDO_0020512,EFO_1001830
MONDO_0018324,EFO_1001490
MONDO_0002806,EFO_1001942
MONDO_0000266,EFO_1001834
MONDO_0024313,EFO_1001849
MONDO_0021357,EFO_1000384
MONDO_0018654,EFO_1001987
MONDO_0004249,EFO_0008495
MONDO_0000930,EFO_0008515
MONDO_0004846,EFO_1001754
MONDO_0009172,EFO_1001481
MONDO_0004471,EFO_1001351
MONDO_0021190,EFO_0008499
MONDO_0016262,EFO_1001974
MONDO_0000744,EFO_1001362
MONDO_0018177,EFO_0000519
MONDO_0003266,EFO_1000027
MONDO_0007391,EFO_1001298
MONDO_0006547,EFO_1000697
MONDO_0018554,EFO_0009199
MONDO_0010138,EFO_0009190
MONDO_0017149,EFO_0009192
MONDO_0004425,EFO_0009189
MONDO_0019944,EFO_0009200
MONDO_0015807,EFO_0009201
MONDO_0018353,EFO_0009266
MONDO_0002656,EFO_0009259
MONDO_0029000,EFO_0008546
MONDO_0002381,EFO_1001204
MONDO_0004728,EFO_0009321
MONDO_0001660,EFO_0009322
MONDO_0001531,EFO_0009314
MONDO_0002305,EFO_0009315
MONDO_0018748,EFO_0009313
MONDO_0002010,EFO_0009297
MONDO_0015004,EFO_0009301
MONDO_0015008,EFO_0009302
MONDO_0060629,EFO_0009300
MONDO_0001252,EFO_0009191
MONDO_0045057,EFO_0009267
MONDO_0100010,EFO_1001434
MONDO_0044740,EFO_1001967
MONDO_0044144,EFO_1001906
MONDO_0043905,EFO_1001991
MONDO_0043541,EFO_0008571
MONDO_0043494,EFO_0009011
MONDO_0040679,EFO_0008528
MONDO_0024644,EFO_1001375
MONDO_0021234,EFO_0003828
MONDO_0021227,EFO_0003850
MONDO_0021220,EFO_0003824
MONDO_0021211,EFO_0003833
MONDO_0021178,EFO_0000546
MONDO_0021163,EFO_0003865
MONDO_0021100,EFO_0003869
MONDO_0021071,EFO_0003817
MONDO_0021068,EFO_0003893
MONDO_0021040,EFO_0003860
MONDO_0019806,EFO_0009053
MONDO_0019496,EFO_1001901
MONDO_0019060,EFO_0003820
MONDO_0009831,EFO_1000359
MONDO_0008296,EFO_0009043
MONDO_0007950,EFO_0009001
MONDO_0007803,EFO_1001050
MONDO_0003538,EFO_0009119
MONDO_0003311,EFO_1000920
MONDO_0002911,EFO_1000142
MONDO_0002724,EFO_0009000
MONDO_0002659,EFO_1001230
MONDO_0002640,EFO_1001073
MONDO_0002546,EFO_0000693
MONDO_0002531,EFO_0004198
MONDO_0002332,EFO_0009002
MONDO_0002235,EFO_1000934
MONDO_0002131,EFO_0007333
MONDO_0002109,EFO_0005578
MONDO_0001889,EFO_0009003
MONDO_0001246,EFO_0009117
MONDO_0001236,EFO_0003880
MONDO_0001119,EFO_0009005
MONDO_0000550,EFO_0000489
MONDO_0000536,EFO_1001965
MONDO_0000448,EFO_1000453
MONDO_0044638,EFO_1001960
MONDO_0010281,EFO_1001333
MONDO_0009477,EFO_0009160
MONDO_0001818,EFO_0009380
MONDO_0002602,EFO_0009386
MONDO_0003620,EFO_0009387
MONDO_0018841,EFO_0009039
MONDO_0019065,EFO_1001875
MONDO_0042370,EFO_0009424
MONDO_0019095,EFO_0009425
MONDO_0020678,EFO_1001176
MONDO_0020696,EFO_0000734
MONDO_0020688,EFO_1001426
MONDO_0044137,EFO_0008624
MONDO_0043693,EFO_0008573
MONDO_0020764,EFO_1001278
MONDO_0020662,EFO_1000139
MONDO_0020689,EFO_0002608
MONDO_0021559,EFO_0005558
MONDO_0021367,EFO_1001755
MONDO_0021183,EFO_1001349
MONDO_0021498,EFO_1001443
MONDO_0021742,EFO_1001407
MONDO_0021746,EFO_1001835
MONDO_0022034,EFO_1001357
MONDO_0020920,EFO_1001318
MONDO_0020731,EFO_1001269
MONDO_0020776,EFO_1001288
MONDO_0021667,EFO_0009430
MONDO_0020664,EFO_0000705
MONDO_0005020,EFO_0009431
MONDO_0000270,EFO_0009433
MONDO_0002771,EFO_0009448
MONDO_0024467,EFO_1002046
MONDO_0001195,EFO_1002047
MONDO_0019722,EFO_1002049
MONDO_0001166,EFO_1002050
MONDO_0002098,EFO_1002051
MONDO_0003085,EFO_0009449
MONDO_0003799,EFO_0009450
MONDO_0001220,EFO_0009451
MONDO_0003009,EFO_0009452
MONDO_0001170,EFO_0009453
MONDO_0001126,EFO_0009454
MONDO_0001854,EFO_0009455
MONDO_0043233,EFO_0009456
MONDO_0000942,EFO_0009464
MONDO_0037847,EFO_0009477
MONDO_0021420,EFO_0009478
MONDO_0001735,EFO_0009481
MONDO_0000775,EFO_0009482
MONDO_0002657,EFO_0009483
MONDO_0004701,EFO_0009484
MONDO_0003615,EFO_0009487
MONDO_0002545,EFO_0009488
MONDO_0002782,EFO_0009489
MONDO_0044745,EFO_0009490
MONDO_0000004,EFO_0009491
MONDO_0003725,EFO_0006891
MONDO_0000226,EFO_0009556
MONDO_0000462,EFO_0009546
MONDO_0000471,EFO_0009568
MONDO_0001106,EFO_1002048
MONDO_0001221,EFO_0009545
MONDO_0001292,EFO_0009532
MONDO_0001371,EFO_0009563
MONDO_0001397,EFO_0009558
MONDO_0001564,EFO_0009535
MONDO_0001786,EFO_0009572
MONDO_0001824,EFO_0009562
MONDO_0002156,EFO_0009548
MONDO_0002263,EFO_0009549
MONDO_0002476,EFO_0009530
MONDO_0002869,EFO_0009551
MONDO_0003150,EFO_0009555
MONDO_0003330,EFO_0009571
MONDO_0003382,EFO_0009547
MONDO_0003394,EFO_0009540
MONDO_0003543,EFO_0009569
MONDO_0003628,EFO_0009564
MONDO_0003648,EFO_0009570
MONDO_0003749,EFO_0009544
MONDO_0003767,EFO_0009557
MONDO_0003803,EFO_0009531
MONDO_0003996,EFO_0009533
MONDO_0004785,EFO_0009536
MONDO_0004795,EFO_0009560
MONDO_0004868,EFO_0009534
MONDO_0004872,EFO_0009552
MONDO_0007691,EFO_0009538
MONDO_0016582,EFO_0009539
MONDO_0018628,EFO_0009553
MONDO_0020584,EFO_0009529
MONDO_0020598,EFO_0009554
MONDO_0021146,EFO_0009550
MONDO_0021568,EFO_0009566
MONDO_0024270,EFO_0009561
MONDO_0024432,EFO_0009559
MONDO_0024571,EFO_0009528
MONDO_0043459,EFO_0009565
MONDO_0044343,EFO_0009537
MONDO_0056798,EFO_0009542
MONDO_0021839,EFO_0009567
MONDO_0002329,EFO_0009601
MONDO_0003105,EFO_0009602
MONDO_0001561,EFO_0009626
MONDO_0002008,EFO_0009604
MONDO_0002356,EFO_0009605
MONDO_0003004,EFO_0009606
MONDO_0003381,EFO_0009607
MONDO_0004298,EFO_0009608
MONDO_0004496,EFO_0009609
MONDO_0008481,EFO_0009610
MONDO_0060621,EFO_0009644
MONDO_0014857,EFO_0009645
MONDO_0014535,EFO_0009650
MONDO_0020600,EFO_0009657
MONDO_0002519,EFO_0009660
MONDO_0003781,EFO_0009661
MONDO_0001209,EFO_0009662
MONDO_0002022,EFO_0009664
MONDO_0002183,EFO_0009666
MONDO_0004866,EFO_0009667
MONDO_0002776,EFO_0009668
MONDO_0002021,EFO_0009670
MONDO_0002467,EFO_0009672
MONDO_0004382,EFO_0009673
MONDO_0001176,EFO_0009674
MONDO_0005073,EFO_0009675
MONDO_0002081,EFO_0009676
MONDO_0003718,EFO_0009677
MONDO_0001143,EFO_0009678
MONDO_0003757,EFO_0009679
MONDO_0018667,EFO_0009680
MONDO_0024575,EFO_0009682
MONDO_0044013,EFO_0009683
MONDO_0001590,EFO_0009684
MONDO_0001593,EFO_0009685
MONDO_0021113,EFO_0009686
MONDO_0003117,EFO_0009687
MONDO_0004842,EFO_0009688
MONDO_0004184,EFO_0009689
MONDO_0002118,EFO_0009690
MONDO_0002643,EFO_0009691
MONDO_0043862,EFO_0009692
MONDO_0024883,EFO_0009709
MONDO_0011429,EFO_0002609
MONDO_0019432,EFO_1002020
MONDO_0018456,EFO_0009730
MONDO_0019435,EFO_0009731
MONDO_0019437,EFO_0009732
MONDO_0019436,EFO_0009733
MONDO_0019607,EFO_0009734
MONDO_0100073,EFO_0008555
MONDO_0100075,EFO_0009612
MONDO_0000616,EFO_0009781
MONDO_0002908,EFO_0009406
MONDO_0024881,EFO_0009812
MONDO_0021125,EFO_0009813
MONDO_0021166,EFO_0009903
MONDO_0054573,EFO_0009904
MONDO_0002682,EFO_0007201
MONDO_0002681,EFO_0007206
MONDO_0015074,EFO_0003841
MONDO_0003235,EFO_0009254
MONDO_0002082,EFO_0003769
MONDO_0003046,EFO_0003835
MONDO_0017858,EFO_0000218
MONDO_0021085,EFO_0003897
MONDO_0021245,EFO_0003868
MONDO_0015075,EFO_0002892
MONDO_0003847,EFO_0000508
MONDO_0045013,EFO_0009950
MONDO_0043230,EFO_1001291
MONDO_0100086,EFO_0010238
MONDO_0100081,EFO_0008568
MONDO_0005413,EFO_0004608
MONDO_0002515,EFO_0010284
MONDO_0002051,EFO_0010285
MONDO_0016743,EFO_0003851
MONDO_0021111,EFO_0003844
MONDO_0002889,EFO_0007408
MONDO_0003130,EFO_0007365
MONDO_0017827,EFO_0000760
MONDO_0007488,EFO_0006792
MONDO_0021240,EFO_0003871
MONDO_0003233,EFO_0003108
MONDO_0044014,EFO_1001403
MONDO_0020799,EFO_1001763
MONDO_0020804,EFO_0004193
MONDO_0010837,EFO_0008519
MONDO_0021239,EFO_0003846
MONDO_0021353,EFO_0003859
MONDO_0004609,EFO_1002022
MONDO_0100309,EFO_0009671
MONDO_0100347,EFO_1000852
MONDO_0024291,EFO_0006888
MONDO_0017288,EFO_0009068
MONDO_0060714,EFO_0009383
MONDO_0060715,EFO_0009384
MONDO_0100280,EFO_0009441
MONDO_0002400,EFO_0008997
MONDO_0100345,EFO_1000062
MONDO_0002807,EFO_1000849
MONDO_0100338,EFO_0003103
MONDO_0000646,EFO_1000116
MONDO_0001406,EFO_0002431
MONDO_0001416,EFO_1001331
MONDO_0002129,EFO_1000350
MONDO_0002352,EFO_1000354
MONDO_0002433,EFO_1000884
MONDO_0003424,EFO_1001079
MONDO_0007564,EFO_0009082
MONDO_0007608,EFO_0009907
MONDO_0016093,EFO_1000140
MONDO_0019086,EFO_0002916
MONDO_0019467,EFO_0010580
MONDO_0020641,EFO_0003853
MONDO_0021228,EFO_1001767
MONDO_0021231,EFO_1000509
MONDO_0021243,EFO_0003873
MONDO_0021331,EFO_1000460
MONDO_0021451,EFO_1000107
MONDO_0002173,EFO_0009619
MONDO_0043959,EFO_1001831
MONDO_0008828,EFO_0009028
MONDO_0015912,EFO_0009646
MONDO_0007294,EFO_1000855
MONDO_0018891,EFO_0009385
MONDO_0019316,EFO_1001229
MONDO_0019023,EFO_1000886
MONDO_0005721,EFO_0007226
MONDO_0030918,EFO_0009152
MONDO_0030919,EFO_0009165
MONDO_0000618,EFO_0009780
MONDO_0700081,EFO_1000644
MONDO_8000010,EFO_0002689
MONDO_0021184,EFO_1001303
MONDO_0011014,EFO_0009052
MONDO_0700092,EFO_0010642
MONDO_0012368,EFO_1001981
MONDO_0020642,EFO_0008620
MONDO_0019165,EFO_0009029
MONDO_0014776,EFO_0009059
MONDO_0015967,EFO_1001511
MONDO_0000568,EFO_0020092
MONDO_0700226,EFO_1001890
MONDO_0100313,EFO_0004236
MONDO_0009049,EFO_0009041
MONDO_0014960,EFO_0009158
MONDO_0800449,EFO_0700022
MONDO_0002184,EFO_1000905
MONDO_0000751,EFO_0009475
MONDO_0000500,EFO_1000055
MONDO_0007783,EFO_0009071
MONDO_0003505,EFO_0007270
MONDO_0010420,EFO_0009064
MONDO_0000492,EFO_0007940
MONDO_0002658,EFO_1000996
MONDO_0700264,EFO_0700095
MONDO_0043735,EFO_1001821
MONDO_0100550,EFO_1001819
MONDO_0800444,EFO_0700020
MONDO_0800446,EFO_0700023
MONDO_0001845,EFO_1000614
MONDO_0032829,EFO_0010568
